country_code,subdivision_name,code,subdivision_code_only
AD,Andorra la Vella,AD-07,07
AD,Canillo,AD-02,02
AD,Encamp,AD-03,03
AD,Escaldes-Engordany,AD-08,08
AD,La Massana,AD-04,04
AD,Ordino,AD-05,05
AD,Sant Julia de Loria,AD-06,06
AE,'Ajman,AE-AJ,AJ
AE,Abu Zaby,AE-AZ,AZ
AE,Al Fujayrah,AE-FU,FU
AE,Ash Shariqah,AE-SH,SH
AE,Dubayy,AE-DU,DU
AE,Ra's al Khaymah,AE-RK,RK
AE,Umm al Qaywayn,AE-UQ,UQ
AF,Badakhshan,AF-BDS,BDS
AF,Badghis,AF-BDG,BDG
AF,Baghlan,AF-BGL,BGL
AF,Balkh,AF-BAL,BAL
AF,Bamyan,AF-BAM,BAM
AF,Daykundi,AF-DAY,DAY
AF,Farah,AF-FRA,FRA
AF,Faryab,AF-FYB,FYB
AF,Ghazni,AF-GHA,GHA
AF,Helmand,AF-HEL,HEL
AF,Herat,AF-HER,HER
AF,Jowzjan,AF-JOW,JOW
AF,Kabul,AF-KAB,KAB
AF,Kandahar,AF-KAN,KAN
AF,Khost,AF-KHO,KHO
AF,Kunar,AF-KNR,KNR
AF,Kunduz,AF-KDZ,KDZ
AF,Laghman,AF-LAG,LAG
AF,Logar,AF-LOG,LOG
AF,Nangarhar,AF-NAN,NAN
AF,Nimroz,AF-NIM,NIM
AF,Paktika,AF-PKA,PKA
AF,Paktiya,AF-PIA,PIA
AF,Panjshayr,AF-PAN,PAN
AF,Parwan,AF-PAR,PAR
AF,Sar-e Pul,AF-SAR,SAR
AF,Takhar,AF-TAK,TAK
AF,Uruzgan,AF-URU,URU
AF,Wardak,AF-WAR,WAR
AG,Barbuda,AG-10,10
AG,Redonda,AG-11,11
AG,Saint George,AG-03,03
AG,Saint John,AG-04,04
AG,Saint Mary,AG-05,05
AG,Saint Paul,AG-06,06
AG,Saint Peter,AG-07,07
AG,Saint Philip,AG-08,08
AI,Anguilla,-,
AL,Berat,AL-01,01
AL,Diber,AL-09,09
AL,Durres,AL-02,02
AL,Elbasan,AL-03,03
AL,Fier,AL-04,04
AL,Gjirokaster,AL-05,05
AL,Korce,AL-06,06
AL,Kukes,AL-07,07
AL,Lezhe,AL-08,08
AL,Shkoder,AL-10,10
AL,Tirane,AL-11,11
AL,Vlore,AL-12,12
AM,Aragacotn,AM-AG,AG
AM,Ararat,AM-AR,AR
AM,Armavir,AM-AV,AV
AM,Erevan,AM-ER,ER
AM,Gegark'unik',AM-GR,GR
AM,Kotayk',AM-KT,KT
AM,Lori,AM-LO,LO
AM,Sirak,AM-SH,SH
AM,Syunik',AM-SU,SU
AM,Tavus,AM-TV,TV
AM,Vayoc Jor,AM-VD,VD
AO,Bengo,AO-BGO,BGO
AO,Benguela,AO-BGU,BGU
AO,Bie,AO-BIE,BIE
AO,Cabinda,AO-CAB,CAB
AO,Cuando Cubango,AO-CCU,CCU
AO,Cuanza-Norte,AO-CNO,CNO
AO,Cuanza-Sul,AO-CUS,CUS
AO,Cunene,AO-CNN,CNN
AO,Huambo,AO-HUA,HUA
AO,Huila,AO-HUI,HUI
AO,Luanda,AO-LUA,LUA
AO,Lunda-Norte,AO-LNO,LNO
AO,Lunda-Sul,AO-LSU,LSU
AO,Malange,AO-MAL,MAL
AO,Moxico,AO-MOX,MOX
AO,Namibe,AO-NAM,NAM
AO,Uige,AO-UIG,UIG
AO,Zaire,AO-ZAI,ZAI
AQ,Antarctica,-,
AR,Buenos Aires,AR-B,B
AR,Catamarca,AR-K,K
AR,Chaco,AR-H,H
AR,Chubut,AR-U,U
AR,Ciudad Autonoma de Buenos Aires,AR-C,C
AR,Cordoba,AR-X,X
AR,Corrientes,AR-W,W
AR,Entre Rios,AR-E,E
AR,Formosa,AR-P,P
AR,Jujuy,AR-Y,Y
AR,La Pampa,AR-L,L
AR,La Rioja,AR-F,F
AR,Mendoza,AR-M,M
AR,Misiones,AR-N,N
AR,Neuquen,AR-Q,Q
AR,Rio Negro,AR-R,R
AR,Salta,AR-A,A
AR,San Juan,AR-J,J
AR,San Luis,AR-D,D
AR,Santa Cruz,AR-Z,Z
AR,Santa Fe,AR-S,S
AR,Santiago del Estero,AR-G,G
AR,Tierra del Fuego,AR-V,V
AR,Tucuman,AR-T,T
AS,Eastern District,-,
AS,Western District,-,
AT,Burgenland,AT-1,1
AT,Karnten,AT-2,2
AT,Niederosterreich,AT-3,3
AT,Oberosterreich,AT-4,4
AT,Salzburg,AT-5,5
AT,Steiermark,AT-6,6
AT,Tirol,AT-7,7
AT,Vorarlberg,AT-8,8
AT,Wien,AT-9,9
AU,Australian Capital Territory,AU-ACT,ACT
AU,New South Wales,AU-NSW,NSW
AU,Northern Territory,AU-NT,NT
AU,Queensland,AU-QLD,QLD
AU,South Australia,AU-SA,SA
AU,Tasmania,AU-TAS,TAS
AU,Victoria,AU-VIC,VIC
AU,Western Australia,AU-WA,WA
AW,Aruba,-,
AX,Eckeroe,-,
AX,Finstroem,-,
AX,Hammarland,-,
AX,Jomala,-,
AX,Lemland,-,
AX,Mariehamn,-,
AX,Saltvik,-,
AX,Sund,-,
AZ,Abseron,AZ-ABS,ABS
AZ,Agcabadi,AZ-AGC,AGC
AZ,Agdam,AZ-AGM,AGM
AZ,Agdas,AZ-AGS,AGS
AZ,Agsu,AZ-AGU,AGU
AZ,Astara,AZ-AST,AST
AZ,Baki,AZ-BA,BA
AZ,Balakan,AZ-BAL,BAL
AZ,Barda,AZ-BAR,BAR
AZ,Calilabad,AZ-CAL,CAL
AZ,Ganca,AZ-GA,GA
AZ,Goycay,AZ-GOY,GOY
AZ,Imisli,AZ-IMI,IMI
AZ,Kalbacar,AZ-KAL,KAL
AZ,Kurdamir,AZ-KUR,KUR
AZ,Lankaran,AZ-LA,LA
AZ,Masalli,AZ-MAS,MAS
AZ,Mingacevir,AZ-MI,MI
AZ,Naftalan,AZ-NA,NA
AZ,Naxcivan,AZ-NX,NX
AZ,Qabala,AZ-QAB,QAB
AZ,Qax,AZ-QAX,QAX
AZ,Quba,AZ-QBA,QBA
AZ,Sabirabad,AZ-SAB,SAB
AZ,Saki,AZ-SAK,SAK
AZ,Samaxi,AZ-SMI,SMI
AZ,Samkir,AZ-SKR,SKR
AZ,Siyazan,AZ-SIY,SIY
AZ,Sumqayit,AZ-SM,SM
AZ,Tovuz,AZ-TOV,TOV
AZ,Xacmaz,AZ-XAC,XAC
AZ,Yardimli,AZ-YAR,YAR
AZ,Yevlax,AZ-YEV,YEV
AZ,Zaqatala,AZ-ZAQ,ZAQ
AZ,Zardab,AZ-ZAR,ZAR
BA,Brcko distrikt,BA-BRC,BRC
BA,Federacija Bosne i Hercegovine,BA-BIH,BIH
BA,Republika Srpska,BA-SRP,SRP
BB,Christ Church,BB-01,01
BB,Saint Andrew,BB-02,02
BB,Saint George,BB-03,03
BB,Saint James,BB-04,04
BB,Saint John,BB-05,05
BB,Saint Joseph,BB-06,06
BB,Saint Lucy,BB-07,07
BB,Saint Michael,BB-08,08
BB,Saint Peter,BB-09,09
BB,Saint Philip,BB-10,10
BB,Saint Thomas,BB-11,11
BD,Barishal,BD-A,A
BD,Chattogram,BD-B,B
BD,Dhaka,BD-C,C
BD,Khulna,BD-D,D
BD,Rajshahi,BD-E,E
BD,Rangpur,BD-F,F
BD,Sylhet,BD-G,G
BE,Antwerpen,BE-VAN,VAN
BE,Brabant wallon,BE-WBR,WBR
BE,Brussels Hoofdstedelijk Gewest,BE-BRU,BRU
BE,Hainaut,BE-WHT,WHT
BE,Liege,BE-WLG,WLG
BE,Limburg,BE-VLI,VLI
BE,Luxembourg,BE-WLX,WLX
BE,Namur,BE-WNA,WNA
BE,Oost-Vlaanderen,BE-VOV,VOV
BE,Vlaams-Brabant,BE-VBR,VBR
BE,West-Vlaanderen,BE-VWV,VWV
BF,Bam,BF-BAM,BAM
BF,Bazega,BF-BAZ,BAZ
BF,Boulgou,BF-BLG,BLG
BF,Boulkiemde,BF-BLK,BLK
BF,Comoe,BF-COM,COM
BF,Ganzourgou,BF-GAN,GAN
BF,Gourma,BF-GOU,GOU
BF,Houet,BF-HOU,HOU
BF,Ioba,BF-IOB,IOB
BF,Kadiogo,BF-KAD,KAD
BF,Kenedougou,BF-KEN,KEN
BF,Kouritenga,BF-KOT,KOT
BF,Leraba,BF-LER,LER
BF,Loroum,BF-LOR,LOR
BF,Mouhoun,BF-MOU,MOU
BF,Nahouri,BF-NAO,NAO
BF,Namentenga,BF-NAM,NAM
BF,Oubritenga,BF-OUB,OUB
BF,Passore,BF-PAS,PAS
BF,Sanmatenga,BF-SMT,SMT
BF,Seno,BF-SEN,SEN
BF,Sissili,BF-SIS,SIS
BF,Tuy,BF-TUI,TUI
BF,Yatenga,BF-YAT,YAT
BF,Ziro,BF-ZIR,ZIR
BF,Zondoma,BF-ZON,ZON
BF,Zoundweogo,BF-ZOU,ZOU
BG,Blagoevgrad,BG-01,01
BG,Burgas,BG-02,02
BG,Dobrich,BG-08,08
BG,Gabrovo,BG-07,07
BG,Haskovo,BG-26,26
BG,Kardzhali,BG-09,09
BG,Kyustendil,BG-10,10
BG,Lovech,BG-11,11
BG,Montana,BG-12,12
BG,Pazardzhik,BG-13,13
BG,Pernik,BG-14,14
BG,Pleven,BG-15,15
BG,Plovdiv,BG-16,16
BG,Razgrad,BG-17,17
BG,Ruse,BG-18,18
BG,Shumen,BG-27,27
BG,Silistra,BG-19,19
BG,Sliven,BG-20,20
BG,Smolyan,BG-21,21
BG,Sofia,BG-23,23
BG,Sofia (stolitsa),BG-22,22
BG,Stara Zagora,BG-24,24
BG,Targovishte,BG-25,25
BG,Varna,BG-03,03
BG,Veliko Tarnovo,BG-04,04
BG,Vidin,BG-05,05
BG,Vratsa,BG-06,06
BG,Yambol,BG-28,28
BH,Al 'Asimah,BH-13,13
BH,Al Janubiyah,BH-14,14
BH,Al Muharraq,BH-15,15
BH,Ash Shamaliyah,BH-17,17
BI,Bujumbura Mairie,BI-BM,BM
BI,Cibitoke,BI-CI,CI
BI,Gitega,BI-GI,GI
BI,Karuzi,BI-KR,KR
BI,Kayanza,BI-KY,KY
BI,Kirundo,BI-KI,KI
BI,Mwaro,BI-MW,MW
BI,Ngozi,BI-NG,NG
BI,Rumonge,BI-RM,RM
BI,Rutana,BI-RT,RT
BI,Ruyigi,BI-RY,RY
BJ,Alibori,BJ-AL,AL
BJ,Atacora,BJ-AK,AK
BJ,Atlantique,BJ-AQ,AQ
BJ,Borgou,BJ-BO,BO
BJ,Donga,BJ-DO,DO
BJ,Littoral,BJ-LI,LI
BJ,Oueme,BJ-OU,OU
BJ,Plateau,BJ-PL,PL
BJ,Zou,BJ-ZO,ZO
BL,Saint Barthelemy,-,
BM,Hamilton,-,
BM,Saint George,-,
BN,Belait,BN-BE,BE
BN,Brunei-Muara,BN-BM,BM
BN,Temburong,BN-TE,TE
BN,Tutong,BN-TU,TU
BO,Chuquisaca,BO-H,H
BO,Cochabamba,BO-C,C
BO,El Beni,BO-B,B
BO,La Paz,BO-L,L
BO,Oruro,BO-O,O
BO,Pando,BO-N,N
BO,Potosi,BO-P,P
BO,Santa Cruz,BO-S,S
BO,Tarija,BO-T,T
BQ,Bonaire,BQ-BO,BO
BQ,Saba,BQ-SA,SA
BQ,Sint Eustatius,BQ-SE,SE
BR,Acre,BR-AC,AC
BR,Alagoas,BR-AL,AL
BR,Amapa,BR-AP,AP
BR,Amazonas,BR-AM,AM
BR,Bahia,BR-BA,BA
BR,Ceara,BR-CE,CE
BR,Distrito Federal,BR-DF,DF
BR,Espirito Santo,BR-ES,ES
BR,Goias,BR-GO,GO
BR,Maranhao,BR-MA,MA
BR,Mato Grosso,BR-MT,MT
BR,Mato Grosso do Sul,BR-MS,MS
BR,Minas Gerais,BR-MG,MG
BR,Para,BR-PA,PA
BR,Paraiba,BR-PB,PB
BR,Parana,BR-PR,PR
BR,Pernambuco,BR-PE,PE
BR,Piaui,BR-PI,PI
BR,Rio Grande do Norte,BR-RN,RN
BR,Rio Grande do Sul,BR-RS,RS
BR,Rio de Janeiro,BR-RJ,RJ
BR,Rondonia,BR-RO,RO
BR,Roraima,BR-RR,RR
BR,Santa Catarina,BR-SC,SC
BR,Sao Paulo,BR-SP,SP
BR,Sergipe,BR-SE,SE
BR,Tocantins,BR-TO,TO
BS,Black Point,BS-BP,BP
BS,Central Abaco,BS-CO,CO
BS,City of Freeport,BS-FP,FP
BS,Harbour Island,BS-HI,HI
BS,Moore's Island,BS-MI,MI
BS,New Providence,BS-NP,NP
BS,North Andros,BS-NS,NS
BS,North Eleuthera,BS-NE,NE
BS,San Salvador,BS-SS,SS
BS,South Eleuthera,BS-SE,SE
BT,Bumthang,BT-33,33
BT,Chhukha,BT-12,12
BT,Gasa,BT-GA,GA
BT,Lhuentse,BT-44,44
BT,Monggar,BT-42,42
BT,Paro,BT-11,11
BT,Pema Gatshel,BT-43,43
BT,Punakha,BT-23,23
BT,Samdrup Jongkhar,BT-45,45
BT,Samtse,BT-14,14
BT,Sarpang,BT-31,31
BT,Thimphu,BT-15,15
BT,Trashigang,BT-41,41
BT,Trongsa,BT-32,32
BT,Tsirang,BT-21,21
BT,Wangdue Phodrang,BT-24,24
BV,Bouvet Island,-,
BW,Central,BW-CE,CE
BW,Chobe,BW-CH,CH
BW,Ghanzi,BW-GH,GH
BW,Kgalagadi,BW-KG,KG
BW,Kgatleng,BW-KL,KL
BW,Kweneng,BW-KW,KW
BW,North East,BW-NE,NE
BW,North West,BW-NW,NW
BW,South East,BW-SE,SE
BW,Southern,BW-SO,SO
BY,Brestskaya voblasts',BY-BR,BR
BY,Homyel'skaya voblasts',BY-HO,HO
BY,Horad Minsk,BY-HM,HM
BY,Hrodzyenskaya voblasts',BY-HR,HR
BY,Mahilyowskaya voblasts',BY-MA,MA
BY,Minskaya voblasts',BY-MI,MI
BY,Vitsyebskaya voblasts',BY-VI,VI
BZ,Belize,BZ-BZ,BZ
BZ,Cayo,BZ-CY,CY
BZ,Corozal,BZ-CZL,CZL
BZ,Orange Walk,BZ-OW,OW
BZ,Stann Creek,BZ-SC,SC
BZ,Toledo,BZ-TOL,TOL
CA,Alberta,CA-AB,AB
CA,British Columbia,CA-BC,BC
CA,Manitoba,CA-MB,MB
CA,New Brunswick,CA-NB,NB
CA,Newfoundland and Labrador,CA-NL,NL
CA,Northwest Territories,CA-NT,NT
CA,Nova Scotia,CA-NS,NS
CA,Nunavut,CA-NU,NU
CA,Ontario,CA-ON,ON
CA,Prince Edward Island,CA-PE,PE
CA,Quebec,CA-QC,QC
CA,Saskatchewan,CA-SK,SK
CA,Yukon,CA-YT,YT
CC,Cocos (Keeling) Islands,-,
CD,Equateur,CD-EQ,EQ
CD,Haut-Katanga,CD-HK,HK
CD,Haut-Lomami,CD-HL,HL
CD,Ituri,CD-IT,IT
CD,Kasai,CD-KS,KS
CD,Kasai Central,CD-KC,KC
CD,Kasai Oriental,CD-KE,KE
CD,Kinshasa,CD-KN,KN
CD,Kongo Central,CD-BC,BC
CD,Lualaba,CD-LU,LU
CD,Mai-Ndombe,CD-MN,MN
CD,Maniema,CD-MA,MA
CD,Nord-Kivu,CD-NK,NK
CD,Sankuru,CD-SA,SA
CD,Sud-Kivu,CD-SK,SK
CD,Tanganyika,CD-TA,TA
CD,Tshopo,CD-TO,TO
CD,Tshuapa,CD-TU,TU
CF,Bamingui-Bangoran,CF-BB,BB
CF,Bangui,CF-BGF,BGF
CF,Haute-Kotto,CF-HK,HK
CF,Kemo-Gribingui,CF-KG,KG
CF,Lobaye,CF-LB,LB
CF,Nana-Mambere,CF-NM,NM
CF,Ouaka,CF-UK,UK
CF,Ouham,CF-AC,AC
CF,Ouham-Pende,CF-OP,OP
CG,Bouenza,CG-11,11
CG,Brazzaville,CG-BZV,BZV
CG,Cuvette,CG-8,8
CG,Likouala,CG-7,7
CG,Niari,CG-9,9
CG,Pointe-Noire,CG-16,16
CG,Sangha,CG-13,13
CH,Aargau,CH-AG,AG
CH,Appenzell Ausserrhoden,CH-AR,AR
CH,Appenzell Innerrhoden,CH-AI,AI
CH,Basel-Landschaft,CH-BL,BL
CH,Basel-Stadt,CH-BS,BS
CH,Bern,CH-BE,BE
CH,Fribourg,CH-FR,FR
CH,Geneve,CH-GE,GE
CH,Glarus,CH-GL,GL
CH,Graubunden,CH-GR,GR
CH,Jura,CH-JU,JU
CH,Luzern,CH-LU,LU
CH,Neuchatel,CH-NE,NE
CH,Nidwalden,CH-NW,NW
CH,Obwalden,CH-OW,OW
CH,Sankt Gallen,CH-SG,SG
CH,Schaffhausen,CH-SH,SH
CH,Schwyz,CH-SZ,SZ
CH,Solothurn,CH-SO,SO
CH,Thurgau,CH-TG,TG
CH,Ticino,CH-TI,TI
CH,Uri,CH-UR,UR
CH,Valais,CH-VS,VS
CH,Vaud,CH-VD,VD
CH,Zug,CH-ZG,ZG
CH,Zurich,CH-ZH,ZH
CI,Abidjan,CI-AB,AB
CI,Bas-Sassandra,CI-BS,BS
CI,Comoe,CI-CM,CM
CI,Denguele,CI-DN,DN
CI,Goh-Djiboua,CI-GD,GD
CI,Lacs,CI-LC,LC
CI,Lagunes,CI-LG,LG
CI,Montagnes,CI-MG,MG
CI,Sassandra-Marahoue,CI-SM,SM
CI,Savanes,CI-SV,SV
CI,Vallee du Bandama,CI-VB,VB
CI,Woroba,CI-WR,WR
CI,Yamoussoukro,CI-YM,YM
CI,Zanzan,CI-ZZ,ZZ
CK,Cook Islands,-,
CL,Aisen del General Carlos Ibanez del Campo,CL-AI,AI
CL,Antofagasta,CL-AN,AN
CL,Arica y Parinacota,CL-AP,AP
CL,Atacama,CL-AT,AT
CL,Biobio,CL-BI,BI
CL,Coquimbo,CL-CO,CO
CL,La Araucania,CL-AR,AR
CL,Libertador General Bernardo O'Higgins,CL-LI,LI
CL,Los Lagos,CL-LL,LL
CL,Los Rios,CL-LR,LR
CL,Magallanes,CL-MA,MA
CL,Maule,CL-ML,ML
CL,Nuble,CL-NB,NB
CL,Region Metropolitana de Santiago,CL-RM,RM
CL,Tarapaca,CL-TA,TA
CL,Valparaiso,CL-VS,VS
CM,Adamaoua,CM-AD,AD
CM,Centre,CM-CE,CE
CM,Est,CM-ES,ES
CM,Extreme-Nord,CM-EN,EN
CM,Littoral,CM-LT,LT
CM,Nord,CM-NO,NO
CM,Nord-Ouest,CM-NW,NW
CM,Ouest,CM-OU,OU
CM,Sud,CM-SU,SU
CM,Sud-Ouest,CM-SW,SW
CN,Anhui,CN-AH,AH
CN,Beijing,CN-BJ,BJ
CN,Chongqing,CN-CQ,CQ
CN,Fujian,CN-FJ,FJ
CN,Gansu,CN-GS,GS
CN,Guangdong,CN-GD,GD
CN,Guangxi Zhuangzu,CN-GX,GX
CN,Guizhou,CN-GZ,GZ
CN,Hainan,CN-HI,HI
CN,Hebei,CN-HE,HE
CN,Heilongjiang,CN-HL,HL
CN,Henan,CN-HA,HA
CN,Hubei,CN-HB,HB
CN,Hunan,CN-HN,HN
CN,Jiangsu,CN-JS,JS
CN,Jiangxi,CN-JX,JX
CN,Jilin,CN-JL,JL
CN,Liaoning,CN-LN,LN
CN,Nei Mongol,CN-NM,NM
CN,Ningxia Huizu,CN-NX,NX
CN,Qinghai,CN-QH,QH
CN,Shaanxi,CN-SN,SN
CN,Shandong,CN-SD,SD
CN,Shanghai,CN-SH,SH
CN,Shanxi,CN-SX,SX
CN,Sichuan,CN-SC,SC
CN,Tianjin,CN-TJ,TJ
CN,Xinjiang Uygur,CN-XJ,XJ
CN,Xizang,CN-XZ,XZ
CN,Yunnan,CN-YN,YN
CN,Zhejiang,CN-ZJ,ZJ
CO,Amazonas,CO-AMA,AMA
CO,Antioquia,CO-ANT,ANT
CO,Arauca,CO-ARA,ARA
CO,Atlantico,CO-ATL,ATL
CO,Bolivar,CO-BOL,BOL
CO,Boyaca,CO-BOY,BOY
CO,Caldas,CO-CAL,CAL
CO,Caqueta,CO-CAQ,CAQ
CO,Casanare,CO-CAS,CAS
CO,Cauca,CO-CAU,CAU
CO,Cesar,CO-CES,CES
CO,Choco,CO-CHO,CHO
CO,Cordoba,CO-COR,COR
CO,Cundinamarca,CO-CUN,CUN
CO,Distrito Capital de Bogota,CO-DC,DC
CO,Guainia,CO-GUA,GUA
CO,Guaviare,CO-GUV,GUV
CO,Huila,CO-HUI,HUI
CO,La Guajira,CO-LAG,LAG
CO,Magdalena,CO-MAG,MAG
CO,Meta,CO-MET,MET
CO,Narino,CO-NAR,NAR
CO,Norte de Santander,CO-NSA,NSA
CO,Putumayo,CO-PUT,PUT
CO,Quindio,CO-QUI,QUI
CO,Risaralda,CO-RIS,RIS
CO,"San Andres, Providencia y Santa Catalina",CO-SAP,SAP
CO,Santander,CO-SAN,SAN
CO,Sucre,CO-SUC,SUC
CO,Tolima,CO-TOL,TOL
CO,Valle del Cauca,CO-VAC,VAC
CO,Vaupes,CO-VAU,VAU
CO,Vichada,CO-VID,VID
CR,Alajuela,CR-A,A
CR,Cartago,CR-C,C
CR,Guanacaste,CR-G,G
CR,Heredia,CR-H,H
CR,Limon,CR-L,L
CR,Puntarenas,CR-P,P
CR,San Jose,CR-SJ,SJ
CU,Artemisa,CU-15,15
CU,Camaguey,CU-09,09
CU,Ciego de Avila,CU-08,08
CU,Cienfuegos,CU-06,06
CU,Granma,CU-12,12
CU,Guantanamo,CU-14,14
CU,Holguin,CU-11,11
CU,La Habana,CU-03,03
CU,Las Tunas,CU-10,10
CU,Matanzas,CU-04,04
CU,Mayabeque,CU-16,16
CU,Pinar del Rio,CU-01,01
CU,Sancti Spiritus,CU-07,07
CU,Santiago de Cuba,CU-13,13
CU,Villa Clara,CU-05,05
CV,Boa Vista,CV-BV,BV
CV,Brava,CV-BR,BR
CV,Maio,CV-MA,MA
CV,Paul,CV-PA,PA
CV,Porto Novo,CV-PN,PN
CV,Praia,CV-PR,PR
CV,Ribeira Brava,CV-RB,RB
CV,Ribeira Grande,CV-RG,RG
CV,Ribeira Grande de Santiago,CV-RS,RS
CV,Sal,CV-SL,SL
CV,Santa Catarina,CV-CA,CA
CV,Santa Cruz,CV-CR,CR
CV,Sao Filipe,CV-SF,SF
CV,Sao Lourenco dos Orgaos,CV-SO,SO
CV,Sao Miguel,CV-SM,SM
CV,Sao Vicente,CV-SV,SV
CV,Tarrafal,CV-TA,TA
CW,Curacao,-,
CX,Christmas Island,-,
CY,Ammochostos,CY-04,04
CY,Keryneia,CY-06,06
CY,Larnaka,CY-03,03
CY,Lefkosia,CY-01,01
CY,Lemesos,CY-02,02
CY,Pafos,CY-05,05
CZ,Jihocesky kraj,CZ-31,31
CZ,Jihomoravsky kraj,CZ-64,64
CZ,Karlovarsky kraj,CZ-41,41
CZ,Kraj Vysocina,CZ-63,63
CZ,Kralovehradecky kraj,CZ-52,52
CZ,Liberecky kraj,CZ-51,51
CZ,Moravskoslezsky kraj,CZ-80,80
CZ,Olomoucky kraj,CZ-71,71
CZ,Pardubicky kraj,CZ-53,53
CZ,Plzensky kraj,CZ-32,32
CZ,"Praha, Hlavni mesto",CZ-10,10
CZ,Stredocesky kraj,CZ-20,20
CZ,Ustecky kraj,CZ-42,42
CZ,Zlinsky kraj,CZ-72,72
DE,Baden-Wurttemberg,DE-BW,BW
DE,Bayern,DE-BY,BY
DE,Berlin,DE-BE,BE
DE,Brandenburg,DE-BB,BB
DE,Bremen,DE-HB,HB
DE,Hamburg,DE-HH,HH
DE,Hessen,DE-HE,HE
DE,Mecklenburg-Vorpommern,DE-MV,MV
DE,Niedersachsen,DE-NI,NI
DE,Nordrhein-Westfalen,DE-NW,NW
DE,Rheinland-Pfalz,DE-RP,RP
DE,Saarland,DE-SL,SL
DE,Sachsen,DE-SN,SN
DE,Sachsen-Anhalt,DE-ST,ST
DE,Schleswig-Holstein,DE-SH,SH
DE,Thuringen,DE-TH,TH
DJ,Ali Sabieh,DJ-AS,AS
DJ,Dikhil,DJ-DI,DI
DJ,Djibouti,DJ-DJ,DJ
DK,Hovedstaden,DK-84,84
DK,Midtjylland,DK-82,82
DK,Nordjylland,DK-81,81
DK,Sjaelland,DK-85,85
DK,Syddanmark,DK-83,83
DM,Saint Andrew,DM-02,02
DM,Saint George,DM-04,04
DM,Saint John,DM-05,05
DM,Saint Joseph,DM-06,06
DM,Saint Mark,DM-08,08
DM,Saint Paul,DM-10,10
DM,Saint Peter,DM-11,11
DO,Azua,DO-02,02
DO,Baoruco,DO-03,03
DO,Barahona,DO-04,04
DO,Dajabon,DO-05,05
DO,Distrito Nacional (Santo Domingo),DO-01,01
DO,Duarte,DO-06,06
DO,El Seibo,DO-08,08
DO,Elias Pina,DO-07,07
DO,Espaillat,DO-09,09
DO,Hato Mayor,DO-30,30
DO,Hermanas Mirabal,DO-19,19
DO,Independencia,DO-10,10
DO,La Altagracia,DO-11,11
DO,La Romana,DO-12,12
DO,La Vega,DO-13,13
DO,Maria Trinidad Sanchez,DO-14,14
DO,Monsenor Nouel,DO-28,28
DO,Monte Cristi,DO-15,15
DO,Monte Plata,DO-29,29
DO,Pedernales,DO-16,16
DO,Peravia,DO-17,17
DO,Puerto Plata,DO-18,18
DO,Samana,DO-20,20
DO,San Cristobal,DO-21,21
DO,San Jose de Ocoa,DO-31,31
DO,San Juan,DO-22,22
DO,San Pedro de Macoris,DO-23,23
DO,Sanchez Ramirez,DO-24,24
DO,Santiago,DO-25,25
DO,Santiago Rodriguez,DO-26,26
DO,Valverde,DO-27,27
DZ,Adrar,DZ-01,01
DZ,Ain Defla,DZ-44,44
DZ,Ain Temouchent,DZ-46,46
DZ,Alger,DZ-16,16
DZ,Annaba,DZ-23,23
DZ,Batna,DZ-05,05
DZ,Bechar,DZ-08,08
DZ,Bejaia,DZ-06,06
DZ,Biskra,DZ-07,07
DZ,Blida,DZ-09,09
DZ,Bordj Bou Arreridj,DZ-34,34
DZ,Bouira,DZ-10,10
DZ,Boumerdes,DZ-35,35
DZ,Chlef,DZ-02,02
DZ,Constantine,DZ-25,25
DZ,Djanet,DZ-56,56
DZ,Djelfa,DZ-17,17
DZ,El Bayadh,DZ-32,32
DZ,El Meghaier,DZ-57,57
DZ,El Oued,DZ-39,39
DZ,El Tarf,DZ-36,36
DZ,Ghardaia,DZ-47,47
DZ,Guelma,DZ-24,24
DZ,Illizi,DZ-33,33
DZ,In Salah,DZ-53,53
DZ,Jijel,DZ-18,18
DZ,Khenchela,DZ-40,40
DZ,Laghouat,DZ-03,03
DZ,M'sila,DZ-28,28
DZ,Mascara,DZ-29,29
DZ,Medea,DZ-26,26
DZ,Mila,DZ-43,43
DZ,Mostaganem,DZ-27,27
DZ,Naama,DZ-45,45
DZ,Oran,DZ-31,31
DZ,Ouargla,DZ-30,30
DZ,Ouled Djellal,DZ-51,51
DZ,Oum el Bouaghi,DZ-04,04
DZ,Relizane,DZ-48,48
DZ,Saida,DZ-20,20
DZ,Setif,DZ-19,19
DZ,Sidi Bel Abbes,DZ-22,22
DZ,Skikda,DZ-21,21
DZ,Souk Ahras,DZ-41,41
DZ,Tamanrasset,DZ-11,11
DZ,Tebessa,DZ-12,12
DZ,Tiaret,DZ-14,14
DZ,Timimoun,DZ-49,49
DZ,Tindouf,DZ-37,37
DZ,Tipaza,DZ-42,42
DZ,Tissemsilt,DZ-38,38
DZ,Tizi Ouzou,DZ-15,15
DZ,Tlemcen,DZ-13,13
DZ,Touggourt,DZ-55,55
EC,Azuay,EC-A,A
EC,Bolivar,EC-B,B
EC,Canar,EC-F,F
EC,Carchi,EC-C,C
EC,Chimborazo,EC-H,H
EC,Cotopaxi,EC-X,X
EC,El Oro,EC-O,O
EC,Esmeraldas,EC-E,E
EC,Galapagos,EC-W,W
EC,Guayas,EC-G,G
EC,Imbabura,EC-I,I
EC,Loja,EC-L,L
EC,Los Rios,EC-R,R
EC,Manabi,EC-M,M
EC,Morona Santiago,EC-S,S
EC,Napo,EC-N,N
EC,Orellana,EC-D,D
EC,Pastaza,EC-Y,Y
EC,Pichincha,EC-P,P
EC,Santa Elena,EC-SE,SE
EC,Santo Domingo de los Tsachilas,EC-SD,SD
EC,Sucumbios,EC-U,U
EC,Tungurahua,EC-T,T
EC,Zamora Chinchipe,EC-Z,Z
EE,Harjumaa,EE-37,37
EE,Hiiumaa,EE-39,39
EE,Ida-Virumaa,EE-45,45
EE,Jarvamaa,EE-52,52
EE,Jogevamaa,EE-50,50
EE,Laane-Virumaa,EE-60,60
EE,Laanemaa,EE-56,56
EE,Parnumaa,EE-68,68
EE,Polvamaa,EE-64,64
EE,Raplamaa,EE-71,71
EE,Saaremaa,EE-74,74
EE,Tartumaa,EE-79,79
EE,Valgamaa,EE-81,81
EE,Viljandimaa,EE-84,84
EE,Vorumaa,EE-87,87
EG,Ad Daqahliyah,EG-DK,DK
EG,Al Bahr al Ahmar,EG-BA,BA
EG,Al Buhayrah,EG-BH,BH
EG,Al Fayyum,EG-FYM,FYM
EG,Al Gharbiyah,EG-GH,GH
EG,Al Iskandariyah,EG-ALX,ALX
EG,Al Isma'iliyah,EG-IS,IS
EG,Al Jizah,EG-GZ,GZ
EG,Al Minufiyah,EG-MNF,MNF
EG,Al Minya,EG-MN,MN
EG,Al Qahirah,EG-C,C
EG,Al Qalyubiyah,EG-KB,KB
EG,Al Uqsur,EG-LX,LX
EG,Al Wadi al Jadid,EG-WAD,WAD
EG,As Suways,EG-SUZ,SUZ
EG,Ash Sharqiyah,EG-SHR,SHR
EG,Aswan,EG-ASN,ASN
EG,Asyut,EG-AST,AST
EG,Bani Suwayf,EG-BNS,BNS
EG,Bur Sa'id,EG-PTS,PTS
EG,Dumyat,EG-DT,DT
EG,Janub Sina',EG-JS,JS
EG,Kafr ash Shaykh,EG-KFS,KFS
EG,Matruh,EG-MT,MT
EG,Qina,EG-KN,KN
EG,Shamal Sina',EG-SIN,SIN
EG,Suhaj,EG-SHG,SHG
EH,Western Sahara,-,
ER,Al Awsat,ER-MA,MA
ER,Qash-Barkah,ER-GB,GB
ES,Andalucia,ES-AN,AN
ES,Aragon,ES-AR,AR
ES,"Asturias, Principado de",ES-AS,AS
ES,Canarias,ES-CN,CN
ES,Cantabria,ES-CB,CB
ES,Castilla y Leon,ES-CL,CL
ES,Castilla-La Mancha,ES-CM,CM
ES,Catalunya,ES-CT,CT
ES,Ceuta,ES-CE,CE
ES,Extremadura,ES-EX,EX
ES,Galicia,ES-GA,GA
ES,Illes Balears,ES-IB,IB
ES,La Rioja,ES-RI,RI
ES,"Madrid, Comunidad de",ES-MD,MD
ES,Melilla,ES-ML,ML
ES,"Murcia, Region de",ES-MC,MC
ES,"Navarra, Comunidad Foral de",ES-NC,NC
ES,Pais Vasco,ES-PV,PV
ES,"Valenciana, Comunidad",ES-VC,VC
ET,Addis Ababa,ET-AA,AA
ET,Afar,ET-AF,AF
ET,Amara,ET-AM,AM
ET,Benshangul-Gumaz,ET-BE,BE
ET,Dire Dawa,ET-DD,DD
ET,Gambela Peoples,ET-GA,GA
ET,Harari People,ET-HA,HA
ET,Oromia,ET-OR,OR
ET,Somali,ET-SO,SO
ET,"Southern Nations, Nationalities and Peoples",ET-SN,SN
ET,Tigrai,ET-TI,TI
FI,Etela-Karjala,FI-02,02
FI,Etela-Pohjanmaa,FI-03,03
FI,Etela-Savo,FI-04,04
FI,Kainuu,FI-05,05
FI,Kanta-Hame,FI-06,06
FI,Keski-Pohjanmaa,FI-07,07
FI,Keski-Suomi,FI-08,08
FI,Kymenlaakso,FI-09,09
FI,Lappi,FI-10,10
FI,Paijat-Hame,FI-16,16
FI,Pirkanmaa,FI-11,11
FI,Pohjanmaa,FI-12,12
FI,Pohjois-Karjala,FI-13,13
FI,Pohjois-Pohjanmaa,FI-14,14
FI,Pohjois-Savo,FI-15,15
FI,Satakunta,FI-17,17
FI,Uusimaa,FI-18,18
FI,Varsinais-Suomi,FI-19,19
FJ,Central,FJ-C,C
FJ,Eastern,FJ-E,E
FJ,Rotuma,FJ-R,R
FJ,Western,FJ-W,W
FK,Falkland Islands (Malvinas),-,
FM,Chuuk,FM-TRK,TRK
FM,Kosrae,FM-KSA,KSA
FM,Pohnpei,FM-PNI,PNI
FM,Yap,FM-YAP,YAP
FO,Eysturoy,-,
FO,Nordoyar,-,
FO,Sandoy,-,
FO,Streymoy,-,
FO,Suduroy,-,
FO,Vagar,-,
FR,Auvergne-Rhone-Alpes,FR-ARA,ARA
FR,Bourgogne-Franche-Comte,FR-BFC,BFC
FR,Bretagne,FR-BRE,BRE
FR,Centre-Val de Loire,FR-CVL,CVL
FR,Corse,FR-20R,20R
FR,Grand-Est,FR-GES,GES
FR,Hauts-de-France,FR-HDF,HDF
FR,Ile-de-France,FR-IDF,IDF
FR,Normandie,FR-NOR,NOR
FR,Nouvelle-Aquitaine,FR-NAQ,NAQ
FR,Occitanie,FR-OCC,OCC
FR,Pays-de-la-Loire,FR-PDL,PDL
FR,Provence-Alpes-Cote-d'Azur,FR-PAC,PAC
GA,Estuaire,GA-1,1
GA,Haut-Ogooue,GA-2,2
GA,Moyen-Ogooue,GA-3,3
GA,Ngounie,GA-4,4
GA,Nyanga,GA-5,5
GA,Ogooue-Ivindo,GA-6,6
GA,Ogooue-Lolo,GA-7,7
GA,Ogooue-Maritime,GA-8,8
GA,Woleu-Ntem,GA-9,9
GB,England,GB-ENG,ENG
GB,Northern Ireland,GB-NIR,NIR
GB,Scotland,GB-SCT,SCT
GB,Wales,GB-WLS,WLS
GD,Saint Andrew,GD-01,01
GD,Saint David,GD-02,02
GD,Saint George,GD-03,03
GD,Saint John,GD-04,04
GD,Saint Mark,GD-05,05
GD,Saint Patrick,GD-06,06
GD,Southern Grenadine Islands,GD-10,10
GE,Abkhazia,GE-AB,AB
GE,Ajaria,GE-AJ,AJ
GE,Guria,GE-GU,GU
GE,Imereti,GE-IM,IM
GE,K'akheti,GE-KA,KA
GE,Kvemo Kartli,GE-KK,KK
GE,Mtskheta-Mtianeti,GE-MM,MM
GE,Rach'a-Lechkhumi-Kvemo Svaneti,GE-RL,RL
GE,Samegrelo-Zemo Svaneti,GE-SZ,SZ
GE,Samtskhe-Javakheti,GE-SJ,SJ
GE,Shida Kartli,GE-SK,SK
GE,Tbilisi,GE-TB,TB
GF,Guyane,-,
GG,Guernsey,-,
GH,Ahafo,GH-AF,AF
GH,Ashanti,GH-AH,AH
GH,Bono,GH-BO,BO
GH,Bono East,GH-BE,BE
GH,Central,GH-CP,CP
GH,Eastern,GH-EP,EP
GH,Greater Accra,GH-AA,AA
GH,Northern,GH-NP,NP
GH,Upper East,GH-UE,UE
GH,Upper West,GH-UW,UW
GH,Volta,GH-TV,TV
GH,Western,GH-WP,WP
GI,Gibraltar,-,
GL,Avannaata Kommunia,GL-AV,AV
GL,Kommune Kujalleq,GL-KU,KU
GL,Kommune Qeqertalik,GL-QT,QT
GL,Kommuneqarfik Sermersooq,GL-SM,SM
GL,Qeqqata Kommunia,GL-QE,QE
GM,Banjul,GM-B,B
GM,Central River,GM-M,M
GM,Lower River,GM-L,L
GM,North Bank,GM-N,N
GM,Upper River,GM-U,U
GM,Western,GM-W,W
GN,Beyla,GN-BE,BE
GN,Boke,GN-BK,BK
GN,Conakry,GN-C,C
GN,Coyah,GN-CO,CO
GN,Dabola,GN-DB,DB
GN,Dinguiraye,GN-DI,DI
GN,Dubreka,GN-DU,DU
GN,Kouroussa,GN-KO,KO
GN,Labe,GN-LA,LA
GN,Mamou,GN-MM,MM
GN,Mandiana,GN-MD,MD
GN,Siguiri,GN-SI,SI
GP,Guadeloupe,-,
GQ,Bioko Norte,GQ-BN,BN
GQ,Bioko Sur,GQ-BS,BS
GQ,Centro Sur,GQ-CS,CS
GQ,Kie-Ntem,GQ-KN,KN
GQ,Litoral,GQ-LI,LI
GQ,Wele-Nzas,GQ-WN,WN
GR,Agion Oros,GR-69,69
GR,Anatoliki Makedonia kai Thraki,GR-A,A
GR,Attiki,GR-I,I
GR,Dytiki Ellada,GR-G,G
GR,Dytiki Makedonia,GR-C,C
GR,Ionia Nisia,GR-F,F
GR,Ipeiros,GR-D,D
GR,Kentriki Makedonia,GR-B,B
GR,Kriti,GR-M,M
GR,Notio Aigaio,GR-L,L
GR,Peloponnisos,GR-J,J
GR,Sterea Ellada,GR-H,H
GR,Thessalia,GR-E,E
GR,Voreio Aigaio,GR-K,K
GS,South Georgia and the South Sandwich Islands,-,
GT,Alta Verapaz,GT-16,16
GT,Baja Verapaz,GT-15,15
GT,Chimaltenango,GT-04,04
GT,Chiquimula,GT-20,20
GT,El Progreso,GT-02,02
GT,Escuintla,GT-05,05
GT,Guatemala,GT-01,01
GT,Huehuetenango,GT-13,13
GT,Izabal,GT-18,18
GT,Jalapa,GT-21,21
GT,Jutiapa,GT-22,22
GT,Peten,GT-17,17
GT,Quetzaltenango,GT-09,09
GT,Quiche,GT-14,14
GT,Retalhuleu,GT-11,11
GT,Sacatepequez,GT-03,03
GT,San Marcos,GT-12,12
GT,Santa Rosa,GT-06,06
GT,Solola,GT-07,07
GT,Suchitepequez,GT-10,10
GT,Totonicapan,GT-08,08
GT,Zacapa,GT-19,19
GU,Agat,-,
GU,Barrigada,-,
GU,Chalan Pago-Ordot,-,
GU,Dededo,-,
GU,Hagatna,-,
GU,Mangilao,-,
GU,Mongmong-Toto-Maite,-,
GU,Piti,-,
GU,Santa Rita,-,
GU,Talofofo,-,
GU,Tamuning-Tumon-Harmon,-,
GU,Yigo,-,
GU,Yona,-,
GW,Bafata,GW-BA,BA
GW,Biombo,GW-BM,BM
GW,Bissau,GW-BS,BS
GW,Cacheu,GW-CA,CA
GW,Gabu,GW-GA,GA
GW,Oio,GW-OI,OI
GY,Cuyuni-Mazaruni,GY-CU,CU
GY,Demerara-Mahaica,GY-DE,DE
GY,East Berbice-Corentyne,GY-EB,EB
GY,Essequibo Islands-West Demerara,GY-ES,ES
GY,Mahaica-Berbice,GY-MA,MA
GY,Pomeroon-Supenaam,GY-PM,PM
GY,Upper Demerara-Berbice,GY-UD,UD
HK,Hong Kong,-,
HM,Heard Island and McDonald Islands,-,
HN,Atlantida,HN-AT,AT
HN,Choluteca,HN-CH,CH
HN,Colon,HN-CL,CL
HN,Comayagua,HN-CM,CM
HN,Copan,HN-CP,CP
HN,Cortes,HN-CR,CR
HN,El Paraiso,HN-EP,EP
HN,Francisco Morazan,HN-FM,FM
HN,Gracias a Dios,HN-GD,GD
HN,Intibuca,HN-IN,IN
HN,Islas de la Bahia,HN-IB,IB
HN,La Paz,HN-LP,LP
HN,Lempira,HN-LE,LE
HN,Ocotepeque,HN-OC,OC
HN,Olancho,HN-OL,OL
HN,Santa Barbara,HN-SB,SB
HN,Valle,HN-VA,VA
HN,Yoro,HN-YO,YO
HR,Bjelovarsko-bilogorska zupanija,HR-07,07
HR,Brodsko-posavska zupanija,HR-12,12
HR,Dubrovacko-neretvanska zupanija,HR-19,19
HR,Grad Zagreb,HR-21,21
HR,Istarska zupanija,HR-18,18
HR,Karlovacka zupanija,HR-04,04
HR,Koprivnicko-krizevacka zupanija,HR-06,06
HR,Krapinsko-zagorska zupanija,HR-02,02
HR,Licko-senjska zupanija,HR-09,09
HR,Medimurska zupanija,HR-20,20
HR,Osjecko-baranjska zupanija,HR-14,14
HR,Pozesko-slavonska zupanija,HR-11,11
HR,Primorsko-goranska zupanija,HR-08,08
HR,Sibensko-kninska zupanija,HR-15,15
HR,Sisacko-moslavacka zupanija,HR-03,03
HR,Splitsko-dalmatinska zupanija,HR-17,17
HR,Varazdinska zupanija,HR-05,05
HR,Viroviticko-podravska zupanija,HR-10,10
HR,Vukovarsko-srijemska zupanija,HR-16,16
HR,Zadarska zupanija,HR-13,13
HR,Zagrebacka zupanija,HR-01,01
HT,Artibonite,HT-AR,AR
HT,Centre,HT-CE,CE
HT,Nord,HT-ND,ND
HT,Nord-Est,HT-NE,NE
HT,Nord-Ouest,HT-NO,NO
HT,Ouest,HT-OU,OU
HT,Sud,HT-SD,SD
HT,Sud-Est,HT-SE,SE
HU,Bacs-Kiskun,HU-BK,BK
HU,Baranya,HU-BA,BA
HU,Bekes,HU-BE,BE
HU,Borsod-Abauj-Zemplen,HU-BZ,BZ
HU,Budapest,HU-BU,BU
HU,Csongrad-Csanad,HU-CS,CS
HU,Fejer,HU-FE,FE
HU,Gyor-Moson-Sopron,HU-GS,GS
HU,Hajdu-Bihar,HU-HB,HB
HU,Heves,HU-HE,HE
HU,Jasz-Nagykun-Szolnok,HU-JN,JN
HU,Komarom-Esztergom,HU-KE,KE
HU,Nograd,HU-NO,NO
HU,Pest,HU-PE,PE
HU,Somogy,HU-SO,SO
HU,Szabolcs-Szatmar-Bereg,HU-SZ,SZ
HU,Tolna,HU-TO,TO
HU,Vas,HU-VA,VA
HU,Veszprem,HU-VE,VE
HU,Zala,HU-ZA,ZA
ID,Aceh,ID-AC,AC
ID,Bali,ID-BA,BA
ID,Banten,ID-BT,BT
ID,Bengkulu,ID-BE,BE
ID,Gorontalo,ID-GO,GO
ID,Jakarta Raya,ID-JK,JK
ID,Jambi,ID-JA,JA
ID,Jawa Barat,ID-JB,JB
ID,Jawa Tengah,ID-JT,JT
ID,Jawa Timur,ID-JI,JI
ID,Kalimantan Barat,ID-KB,KB
ID,Kalimantan Selatan,ID-KS,KS
ID,Kalimantan Tengah,ID-KT,KT
ID,Kalimantan Timur,ID-KI,KI
ID,Kalimantan Utara,ID-KU,KU
ID,Kepulauan Bangka Belitung,ID-BB,BB
ID,Kepulauan Riau,ID-KR,KR
ID,Lampung,ID-LA,LA
ID,Maluku,ID-ML,ML
ID,Maluku Utara,ID-MU,MU
ID,Nusa Tenggara Barat,ID-NB,NB
ID,Nusa Tenggara Timur,ID-NT,NT
ID,Papua,ID-PP,PP
ID,Papua Barat,ID-PB,PB
ID,Papua Barat Daya,ID-PD,PD
ID,Papua Pengunungan,ID-PE,PE
ID,Papua Selatan,ID-PS,PS
ID,Papua Tengah,ID-PT,PT
ID,Riau,ID-RI,RI
ID,Sulawesi Barat,ID-SR,SR
ID,Sulawesi Selatan,ID-SN,SN
ID,Sulawesi Tengah,ID-ST,ST
ID,Sulawesi Tenggara,ID-SG,SG
ID,Sulawesi Utara,ID-SA,SA
ID,Sumatera Barat,ID-SB,SB
ID,Sumatera Selatan,ID-SS,SS
ID,Sumatera Utara,ID-SU,SU
ID,Yogyakarta,ID-YO,YO
IE,Carlow,IE-CW,CW
IE,Cavan,IE-CN,CN
IE,Clare,IE-CE,CE
IE,Cork,IE-CO,CO
IE,Donegal,IE-DL,DL
IE,Dublin,IE-D,D
IE,Galway,IE-G,G
IE,Kerry,IE-KY,KY
IE,Kildare,IE-KE,KE
IE,Kilkenny,IE-KK,KK
IE,Laois,IE-LS,LS
IE,Leitrim,IE-LM,LM
IE,Limerick,IE-LK,LK
IE,Longford,IE-LD,LD
IE,Louth,IE-LH,LH
IE,Mayo,IE-MO,MO
IE,Meath,IE-MH,MH
IE,Monaghan,IE-MN,MN
IE,Offaly,IE-OY,OY
IE,Roscommon,IE-RN,RN
IE,Sligo,IE-SO,SO
IE,Tipperary,IE-TA,TA
IE,Waterford,IE-WD,WD
IE,Westmeath,IE-WH,WH
IE,Wexford,IE-WX,WX
IE,Wicklow,IE-WW,WW
IL,HaDarom,IL-D,D
IL,HaMerkaz,IL-M,M
IL,HaTsafon,IL-Z,Z
IL,Hefa,IL-HA,HA
IL,Tel Aviv,IL-TA,TA
IL,Yerushalayim,IL-JM,JM
IM,Isle of Man,-,
IN,Andaman and Nicobar Islands,IN-AN,AN
IN,Andhra Pradesh,IN-AP,AP
IN,Arunachal Pradesh,IN-AR,AR
IN,Assam,IN-AS,AS
IN,Bihar,IN-BR,BR
IN,Chandigarh,IN-CH,CH
IN,Chhattisgarh,IN-CG,CG
IN,Dadra and Nagar Haveli and Daman and Diu,IN-DH,DH
IN,Delhi,IN-DL,DL
IN,Goa,IN-GA,GA
IN,Gujarat,IN-GJ,GJ
IN,Haryana,IN-HR,HR
IN,Himachal Pradesh,IN-HP,HP
IN,Jammu and Kashmir,IN-JK,JK
IN,Jharkhand,IN-JH,JH
IN,Karnataka,IN-KA,KA
IN,Kerala,IN-KL,KL
IN,Lakshadweep,IN-LD,LD
IN,Madhya Pradesh,IN-MP,MP
IN,Maharashtra,IN-MH,MH
IN,Manipur,IN-MN,MN
IN,Meghalaya,IN-ML,ML
IN,Mizoram,IN-MZ,MZ
IN,Nagaland,IN-NL,NL
IN,Odisha,IN-OD,OD
IN,Puducherry,IN-PY,PY
IN,Punjab,IN-PB,PB
IN,Rajasthan,IN-RJ,RJ
IN,Sikkim,IN-SK,SK
IN,Tamil Nadu,IN-TN,TN
IN,Telangana,IN-TS,TS
IN,Tripura,IN-TR,TR
IN,Uttar Pradesh,IN-UP,UP
IN,Uttarakhand,IN-UK,UK
IN,West Bengal,IN-WB,WB
IO,British Indian Ocean Territory,-,
IQ,Al Anbar,IQ-AN,AN
IQ,Al Basrah,IQ-BA,BA
IQ,Al Muthanna,IQ-MU,MU
IQ,Al Qadisiyah,IQ-QA,QA
IQ,An Najaf,IQ-NA,NA
IQ,Arbil,IQ-AR,AR
IQ,As Sulaymaniyah,IQ-SU,SU
IQ,Babil,IQ-BB,BB
IQ,Baghdad,IQ-BG,BG
IQ,Dahuk,IQ-DA,DA
IQ,Dhi Qar,IQ-DQ,DQ
IQ,Diyala,IQ-DI,DI
IQ,Karbala',IQ-KA,KA
IQ,Kirkuk,IQ-KI,KI
IQ,Maysan,IQ-MA,MA
IQ,Ninawa,IQ-NI,NI
IQ,Salah ad Din,IQ-SD,SD
IQ,Wasit,IQ-WA,WA
IR,Alborz,IR-30,30
IR,Ardabil,IR-24,24
IR,Azarbayjan-e Gharbi,IR-04,04
IR,Azarbayjan-e Sharqi,IR-03,03
IR,Bushehr,IR-18,18
IR,Chahar Mahal va Bakhtiari,IR-14,14
IR,Esfahan,IR-10,10
IR,Fars,IR-07,07
IR,Gilan,IR-01,01
IR,Golestan,IR-27,27
IR,Hamadan,IR-13,13
IR,Hormozgan,IR-22,22
IR,Ilam,IR-16,16
IR,Kerman,IR-08,08
IR,Kermanshah,IR-05,05
IR,Khorasan-e Jonubi,IR-29,29
IR,Khorasan-e Razavi,IR-09,09
IR,Khorasan-e Shomali,IR-28,28
IR,Khuzestan,IR-06,06
IR,Kohgiluyeh va Bowyer Ahmad,IR-17,17
IR,Kordestan,IR-12,12
IR,Lorestan,IR-15,15
IR,Markazi,IR-00,00
IR,Mazandaran,IR-02,02
IR,Qazvin,IR-26,26
IR,Qom,IR-25,25
IR,Semnan,IR-20,20
IR,Sistan va Baluchestan,IR-11,11
IR,Tehran,IR-23,23
IR,Yazd,IR-21,21
IR,Zanjan,IR-19,19
IS,Austurland,IS-7,7
IS,Hofudborgarsvaedi,IS-1,1
IS,Nordurland eystra,IS-6,6
IS,Nordurland vestra,IS-5,5
IS,Sudurland,IS-8,8
IS,Sudurnes,IS-2,2
IS,Vestfirdir,IS-4,4
IS,Vesturland,IS-3,3
IT,Abruzzo,IT-65,65
IT,Basilicata,IT-77,77
IT,Calabria,IT-78,78
IT,Campania,IT-72,72
IT,Emilia-Romagna,IT-45,45
IT,Friuli-Venezia Giulia,IT-36,36
IT,Lazio,IT-62,62
IT,Liguria,IT-42,42
IT,Lombardia,IT-25,25
IT,Marche,IT-57,57
IT,Molise,IT-67,67
IT,Piemonte,IT-21,21
IT,Puglia,IT-75,75
IT,Sardegna,IT-88,88
IT,Sicilia,IT-82,82
IT,Toscana,IT-52,52
IT,Trentino-Alto Adige,IT-32,32
IT,Umbria,IT-55,55
IT,Valle d'Aosta,IT-23,23
IT,Veneto,IT-34,34
JE,Jersey,-,
JM,Clarendon,JM-13,13
JM,Hanover,JM-09,09
JM,Kingston,JM-01,01
JM,Manchester,JM-12,12
JM,Portland,JM-04,04
JM,Saint Andrew,JM-02,02
JM,Saint Ann,JM-06,06
JM,Saint Catherine,JM-14,14
JM,Saint Elizabeth,JM-11,11
JM,Saint James,JM-08,08
JM,Saint Mary,JM-05,05
JM,Saint Thomas,JM-03,03
JM,Trelawny,JM-07,07
JM,Westmoreland,JM-10,10
JO,'Ajlun,JO-AJ,AJ
JO,Al 'Aqabah,JO-AQ,AQ
JO,Al 'Asimah,JO-AM,AM
JO,Al Balqa',JO-BA,BA
JO,Al Karak,JO-KA,KA
JO,Al Mafraq,JO-MA,MA
JO,At Tafilah,JO-AT,AT
JO,Az Zarqa',JO-AZ,AZ
JO,Irbid,JO-IR,IR
JO,Jarash,JO-JA,JA
JO,Ma'an,JO-MN,MN
JO,Madaba,JO-MD,MD
JP,Aichi,JP-23,23
JP,Akita,JP-05,05
JP,Aomori,JP-02,02
JP,Chiba,JP-12,12
JP,Ehime,JP-38,38
JP,Fukui,JP-18,18
JP,Fukuoka,JP-40,40
JP,Fukushima,JP-07,07
JP,Gifu,JP-21,21
JP,Gunma,JP-10,10
JP,Hiroshima,JP-34,34
JP,Hokkaido,JP-01,01
JP,Hyogo,JP-28,28
JP,Ibaraki,JP-08,08
JP,Ishikawa,JP-17,17
JP,Iwate,JP-03,03
JP,Kagawa,JP-37,37
JP,Kagoshima,JP-46,46
JP,Kanagawa,JP-14,14
JP,Kochi,JP-39,39
JP,Kumamoto,JP-43,43
JP,Kyoto,JP-26,26
JP,Mie,JP-24,24
JP,Miyagi,JP-04,04
JP,Miyazaki,JP-45,45
JP,Nagano,JP-20,20
JP,Nagasaki,JP-42,42
JP,Nara,JP-29,29
JP,Niigata,JP-15,15
JP,Oita,JP-44,44
JP,Okayama,JP-33,33
JP,Okinawa,JP-47,47
JP,Osaka,JP-27,27
JP,Saga,JP-41,41
JP,Saitama,JP-11,11
JP,Shiga,JP-25,25
JP,Shimane,JP-32,32
JP,Shizuoka,JP-22,22
JP,Tochigi,JP-09,09
JP,Tokushima,JP-36,36
JP,Tokyo,JP-13,13
JP,Tottori,JP-31,31
JP,Toyama,JP-16,16
JP,Wakayama,JP-30,30
JP,Yamagata,JP-06,06
JP,Yamaguchi,JP-35,35
JP,Yamanashi,JP-19,19
KE,Baringo,KE-01,01
KE,Bomet,KE-02,02
KE,Bungoma,KE-03,03
KE,Busia,KE-04,04
KE,Elgeyo/Marakwet,KE-05,05
KE,Embu,KE-06,06
KE,Garissa,KE-07,07
KE,Homa Bay,KE-08,08
KE,Isiolo,KE-09,09
KE,Kajiado,KE-10,10
KE,Kakamega,KE-11,11
KE,Kericho,KE-12,12
KE,Kiambu,KE-13,13
KE,Kilifi,KE-14,14
KE,Kirinyaga,KE-15,15
KE,Kisii,KE-16,16
KE,Kisumu,KE-17,17
KE,Kitui,KE-18,18
KE,Kwale,KE-19,19
KE,Laikipia,KE-20,20
KE,Lamu,KE-21,21
KE,Machakos,KE-22,22
KE,Makueni,KE-23,23
KE,Mandera,KE-24,24
KE,Marsabit,KE-25,25
KE,Meru,KE-26,26
KE,Migori,KE-27,27
KE,Mombasa,KE-28,28
KE,Murang'a,KE-29,29
KE,Nairobi City,KE-30,30
KE,Nakuru,KE-31,31
KE,Nandi,KE-32,32
KE,Narok,KE-33,33
KE,Nyamira,KE-34,34
KE,Nyandarua,KE-35,35
KE,Nyeri,KE-36,36
KE,Samburu,KE-37,37
KE,Siaya,KE-38,38
KE,Taita/Taveta,KE-39,39
KE,Tana River,KE-40,40
KE,Tharaka-Nithi,KE-41,41
KE,Trans Nzoia,KE-42,42
KE,Turkana,KE-43,43
KE,Uasin Gishu,KE-44,44
KE,Vihiga,KE-45,45
KE,Wajir,KE-46,46
KE,West Pokot,KE-47,47
KG,Batken,KG-B,B
KG,Bishkek Shaary,KG-GB,GB
KG,Chuy,KG-C,C
KG,Jalal-Abad,KG-J,J
KG,Naryn,KG-N,N
KG,Osh Shaary,KG-GO,GO
KG,Talas,KG-T,T
KG,Ysyk-Kol,KG-Y,Y
KH,Baat Dambang,KH-2,2
KH,Banteay Mean Choay,KH-1,1
KH,Kaeb,KH-23,23
KH,Kampong Chaam,KH-3,3
KH,Kampong Chhnang,KH-4,4
KH,Kampong Spueu,KH-5,5
KH,Kampong Thum,KH-6,6
KH,Kampot,KH-7,7
KH,Kandaal,KH-8,8
KH,Kaoh Kong,KH-9,9
KH,Kracheh,KH-10,10
KH,Mondol Kiri,KH-11,11
KH,Otdar Mean Chey,KH-22,22
KH,Pailin,KH-24,24
KH,Phnom Penh,KH-12,12
KH,Preah Sihanouk,KH-18,18
KH,Preah Vihear,KH-13,13
KH,Prey Veaeng,KH-14,14
KH,Rotanak Kiri,KH-16,16
KH,Siem Reab,KH-17,17
KH,Stueng Traeng,KH-19,19
KH,Svaay Rieng,KH-20,20
KH,Taakaev,KH-21,21
KI,Gilbert Islands,KI-G,G
KM,Anjouan,KM-A,A
KM,Grande Comore,KM-G,G
KM,Moheli,KM-M,M
KN,Saint Anne Sandy Point,KN-02,02
KN,Saint George Basseterre,KN-03,03
KN,Saint James Windward,KN-05,05
KN,Saint John Capisterre,KN-06,06
KN,Saint John Figtree,KN-07,07
KN,Saint Mary Cayon,KN-08,08
KN,Saint Paul Capisterre,KN-09,09
KN,Saint Paul Charlestown,KN-10,10
KN,Saint Peter Basseterre,KN-11,11
KN,Saint Thomas Lowland,KN-12,12
KN,Trinity Palmetto Point,KN-15,15
KP,P'yongyang,KP-01,01
KR,Busan-gwangyeoksi,KR-26,26
KR,Chungcheongbuk-do,KR-43,43
KR,Chungcheongnam-do,KR-44,44
KR,Daegu-gwangyeoksi,KR-27,27
KR,Daejeon-gwangyeoksi,KR-30,30
KR,Gangwon-teukbyeoljachido,KR-42,42
KR,Gwangju-gwangyeoksi,KR-29,29
KR,Gyeonggi-do,KR-41,41
KR,Gyeongsangbuk-do,KR-47,47
KR,Gyeongsangnam-do,KR-48,48
KR,Incheon-gwangyeoksi,KR-28,28
KR,Jeju-teukbyeoljachido,KR-49,49
KR,Jeollabuk-do,KR-45,45
KR,Jeollanam-do,KR-46,46
KR,Sejong,KR-50,50
KR,Seoul-teukbyeolsi,KR-11,11
KR,Ulsan-gwangyeoksi,KR-31,31
KW,Al 'Asimah,KW-KU,KU
KW,Al Ahmadi,KW-AH,AH
KW,Al Farwaniyah,KW-FA,FA
KW,Al Jahra',KW-JA,JA
KW,Hawalli,KW-HA,HA
KW,Mubarak al Kabir,KW-MU,MU
KY,Cayman Islands,-,
KZ,Abay oblysy,KZ-10,10
KZ,Almaty,KZ-75,75
KZ,Almaty oblysy,KZ-19,19
KZ,Aqmola oblysy,KZ-11,11
KZ,Aqtobe oblysy,KZ-15,15
KZ,Astana,KZ-71,71
KZ,Atyrau oblysy,KZ-23,23
KZ,Batys Qazaqstan oblysy,KZ-27,27
KZ,Mangghystau oblysy,KZ-47,47
KZ,Pavlodar oblysy,KZ-55,55
KZ,Qaraghandy oblysy,KZ-35,35
KZ,Qostanay oblysy,KZ-39,39
KZ,Qyzylorda oblysy,KZ-43,43
KZ,Shyghys Qazaqstan oblysy,KZ-63,63
KZ,Shymkent,KZ-79,79
KZ,Soltustik Qazaqstan oblysy,KZ-59,59
KZ,Turkistan oblysy,KZ-61,61
KZ,Ulytau oblysy,KZ-62,62
KZ,Zhambyl oblysy,KZ-31,31
KZ,Zhetisu oblysy,KZ-33,33
LA,Attapu,LA-AT,AT
LA,Bolikhamxai,LA-BL,BL
LA,Champasak,LA-CH,CH
LA,Houaphan,LA-HO,HO
LA,Khammouan,LA-KH,KH
LA,Louang Namtha,LA-LM,LM
LA,Louangphabang,LA-LP,LP
LA,Oudomxai,LA-OU,OU
LA,Savannakhet,LA-SV,SV
LA,Viangchan,LA-VI,VI
LA,Xaignabouli,LA-XA,XA
LA,Xekong,LA-XE,XE
LA,Xiangkhouang,LA-XI,XI
LB,Aakkar,LB-AK,AK
LB,Baalbek-Hermel,LB-BH,BH
LB,Beqaa,LB-BI,BI
LB,Beyrouth,LB-BA,BA
LB,Liban-Nord,LB-AS,AS
LB,Liban-Sud,LB-JA,JA
LB,Mont-Liban,LB-JL,JL
LB,Nabatiye,LB-NA,NA
LC,Anse la Raye,LC-01,01
LC,Castries,LC-02,02
LC,Choiseul,LC-03,03
LC,Dennery,LC-05,05
LC,Gros Islet,LC-06,06
LC,Laborie,LC-07,07
LC,Micoud,LC-08,08
LC,Soufriere,LC-10,10
LC,Vieux Fort,LC-11,11
LI,Balzers,LI-01,01
LI,Eschen,LI-02,02
LI,Gamprin,LI-03,03
LI,Mauren,LI-04,04
LI,Ruggell,LI-06,06
LI,Schaan,LI-07,07
LI,Schellenberg,LI-08,08
LI,Triesen,LI-09,09
LI,Triesenberg,LI-10,10
LI,Vaduz,LI-11,11
LK,Central Province,LK-2,2
LK,Eastern Province,LK-5,5
LK,North Central Province,LK-7,7
LK,North Western Province,LK-6,6
LK,Northern Province,LK-4,4
LK,Sabaragamuwa Province,LK-9,9
LK,Southern Province,LK-3,3
LK,Uva Province,LK-8,8
LK,Western Province,LK-1,1
LR,Bomi,LR-BM,BM
LR,Bong,LR-BG,BG
LR,Margibi,LR-MG,MG
LR,Montserrado,LR-MO,MO
LR,Nimba,LR-NI,NI
LR,River Cess,LR-RI,RI
LR,River Gee,LR-RG,RG
LR,Sinoe,LR-SI,SI
LS,Berea,LS-D,D
LS,Botha-Bothe,LS-B,B
LS,Leribe,LS-C,C
LS,Mafeteng,LS-E,E
LS,Maseru,LS-A,A
LS,Mohale's Hoek,LS-F,F
LS,Mokhotlong,LS-J,J
LS,Qacha's Nek,LS-H,H
LS,Quthing,LS-G,G
LS,Thaba-Tseka,LS-K,K
LT,Alytaus apskritis,LT-AL,AL
LT,Kauno apskritis,LT-KU,KU
LT,Klaipedos apskritis,LT-KL,KL
LT,Marijampoles apskritis,LT-MR,MR
LT,Panevezio apskritis,LT-PN,PN
LT,Siauliu apskritis,LT-SA,SA
LT,Taurages apskritis,LT-TA,TA
LT,Telsiu apskritis,LT-TE,TE
LT,Utenos apskritis,LT-UT,UT
LT,Vilniaus apskritis,LT-VL,VL
LU,Capellen,LU-CA,CA
LU,Clervaux,LU-CL,CL
LU,Diekirch,LU-DI,DI
LU,Echternach,LU-EC,EC
LU,Esch-sur-Alzette,LU-ES,ES
LU,Grevenmacher,LU-GR,GR
LU,Luxembourg,LU-LU,LU
LU,Mersch,LU-ME,ME
LU,Redange,LU-RD,RD
LU,Remich,LU-RM,RM
LU,Vianden,LU-VD,VD
LU,Wiltz,LU-WI,WI
LV,Adazu novads,LV-011,011
LV,Aizkraukles novads,LV-002,002
LV,Aluksnes novads,LV-007,007
LV,Augsdaugavas novads,LV-111,111
LV,Balvu novads,LV-015,015
LV,Bauskas novads,LV-016,016
LV,Cesu novads,LV-022,022
LV,Daugavpils,LV-DGV,DGV
LV,Dienvidkurzemes novads,LV-112,112
LV,Dobeles novads,LV-026,026
LV,Gulbenes novads,LV-033,033
LV,Jekabpils novads,LV-042,042
LV,Jelgava,LV-JEL,JEL
LV,Jelgavas novads,LV-041,041
LV,Jurmala,LV-JUR,JUR
LV,Kekavas novads,LV-052,052
LV,Kraslavas novads,LV-047,047
LV,Kuldigas novads,LV-050,050
LV,Liepaja,LV-LPX,LPX
LV,Limbazu novads,LV-054,054
LV,Livanu novads,LV-056,056
LV,Ludzas novads,LV-058,058
LV,Madonas novads,LV-059,059
LV,Marupes novads,LV-062,062
LV,Ogres novads,LV-067,067
LV,Olaines novads,LV-068,068
LV,Preilu novads,LV-073,073
LV,Rezeknes novads,LV-077,077
LV,Riga,LV-RIX,RIX
LV,Ropazu novads,LV-080,080
LV,Salaspils novads,LV-087,087
LV,Saldus novads,LV-088,088
LV,Saulkrastu novads,LV-089,089
LV,Siguldas novads,LV-091,091
LV,Smiltenes novads,LV-094,094
LV,Talsu novads,LV-097,097
LV,Tukuma novads,LV-099,099
LV,Valkas novads,LV-101,101
LV,Valmieras novads,LV-113,113
LV,Varaklanu novads,LV-102,102
LV,Ventspils novads,LV-106,106
LY,Al Butnan,LY-BU,BU
LY,Al Jabal al Akhdar,LY-JA,JA
LY,Al Jabal al Gharbi,LY-JG,JG
LY,Al Jafarah,LY-JI,JI
LY,Al Jufrah,LY-JU,JU
LY,Al Kufrah,LY-KF,KF
LY,Al Marj,LY-MJ,MJ
LY,Al Marqab,LY-MB,MB
LY,Al Wahat,LY-WA,WA
LY,An Nuqat al Khams,LY-NQ,NQ
LY,Az Zawiyah,LY-ZA,ZA
LY,Banghazi,LY-BA,BA
LY,Darnah,LY-DR,DR
LY,Ghat,LY-GT,GT
LY,Misratah,LY-MI,MI
LY,Murzuq,LY-MQ,MQ
LY,Nalut,LY-NL,NL
LY,Sabha,LY-SB,SB
LY,Surt,LY-SR,SR
LY,Tarabulus,LY-TB,TB
LY,Wadi ash Shati',LY-WS,WS
MA,Beni-Mellal-Khenifra,MA-05,05
MA,Casablanca-Settat,MA-06,06
MA,Draa-Tafilalet,MA-08,08
MA,Fes- Meknes,MA-03,03
MA,Guelmim-Oued Noun (EH-partial),MA-10,10
MA,L'Oriental,MA-02,02
MA,Laayoune-Sakia El Hamra (EH-partial),MA-11,11
MA,Marrakech-Safi,MA-07,07
MA,Rabat-Sale-Kenitra,MA-04,04
MA,Souss-Massa,MA-09,09
MA,Tanger-Tetouan-Al Hoceima,MA-01,01
MC,Fontvieille,MC-FO,FO
MC,La Condamine,MC-CO,CO
MC,Monaco-Ville,MC-MO,MO
MC,Moneghetti,MC-MG,MG
MC,Monte-Carlo,MC-MC,MC
MC,Saint-Roman,MC-SR,SR
MD,Anenii Noi,MD-AN,AN
MD,Balti,MD-BA,BA
MD,Basarabeasca,MD-BS,BS
MD,Bender,MD-BD,BD
MD,Briceni,MD-BR,BR
MD,Cahul,MD-CA,CA
MD,Calarasi,MD-CL,CL
MD,Cantemir,MD-CT,CT
MD,Causeni,MD-CS,CS
MD,Chisinau,MD-CU,CU
MD,Cimislia,MD-CM,CM
MD,Criuleni,MD-CR,CR
MD,Donduseni,MD-DO,DO
MD,Drochia,MD-DR,DR
MD,Dubasari,MD-DU,DU
MD,Edinet,MD-ED,ED
MD,Falesti,MD-FA,FA
MD,Floresti,MD-FL,FL
MD,"Gagauzia, Unitatea teritoriala autonoma",MD-GA,GA
MD,Glodeni,MD-GL,GL
MD,Hincesti,MD-HI,HI
MD,Ialoveni,MD-IA,IA
MD,Leova,MD-LE,LE
MD,Nisporeni,MD-NI,NI
MD,Ocnita,MD-OC,OC
MD,Orhei,MD-OR,OR
MD,Rezina,MD-RE,RE
MD,Riscani,MD-RI,RI
MD,Singerei,MD-SI,SI
MD,Soldanesti,MD-SD,SD
MD,Soroca,MD-SO,SO
MD,Stefan Voda,MD-SV,SV
MD,"Stinga Nistrului, unitatea teritoriala din",MD-SN,SN
MD,Straseni,MD-ST,ST
MD,Taraclia,MD-TA,TA
MD,Telenesti,MD-TE,TE
MD,Ungheni,MD-UN,UN
ME,Andrijevica,ME-01,01
ME,Bar,ME-02,02
ME,Berane,ME-03,03
ME,Bijelo Polje,ME-04,04
ME,Budva,ME-05,05
ME,Cetinje,ME-06,06
ME,Danilovgrad,ME-07,07
ME,Herceg-Novi,ME-08,08
ME,Kolasin,ME-09,09
ME,Kotor,ME-10,10
ME,Mojkovac,ME-11,11
ME,Niksic,ME-12,12
ME,Plav,ME-13,13
ME,Pljevlja,ME-14,14
ME,Pluzine,ME-15,15
ME,Podgorica,ME-16,16
ME,Rozaje,ME-17,17
ME,Savnik,ME-18,18
ME,Tivat,ME-19,19
ME,Tuzi,ME-24,24
ME,Ulcinj,ME-20,20
ME,Zabljak,ME-21,21
ME,Zeta,ME-25,25
MF,Saint Martin (French Part),-,
MG,Antananarivo,MG-T,T
MG,Antsiranana,MG-D,D
MG,Fianarantsoa,MG-F,F
MG,Mahajanga,MG-M,M
MG,Toamasina,MG-A,A
MG,Toliara,MG-U,U
MH,Kwajalein,MH-KWA,KWA
MH,Majuro,MH-MAJ,MAJ
MK,Berovo,MK-201,201
MK,Bitola,MK-501,501
MK,Bogdanci,MK-401,401
MK,Bogovinje,MK-601,601
MK,Bosilovo,MK-402,402
MK,Brvenica,MK-602,602
MK,Butel,MK-803,803
MK,Caska,MK-109,109
MK,Centar,MK-814,814
MK,Cesinovo-Oblesevo,MK-210,210
MK,Cucer Sandevo,MK-816,816
MK,Debar,MK-303,303
MK,Delcevo,MK-203,203
MK,Demir Hisar,MK-502,502
MK,Demir Kapija,MK-103,103
MK,Dojran,MK-406,406
MK,Gazi Baba,MK-804,804
MK,Gevgelija,MK-405,405
MK,Gostivar,MK-604,604
MK,Gradsko,MK-102,102
MK,Ilinden,MK-807,807
MK,Jegunovce,MK-606,606
MK,Kavadarci,MK-104,104
MK,Kicevo,MK-307,307
MK,Kisela Voda,MK-809,809
MK,Kocani,MK-206,206
MK,Kratovo,MK-701,701
MK,Kriva Palanka,MK-702,702
MK,Krivogastani,MK-504,504
MK,Krusevo,MK-505,505
MK,Kumanovo,MK-703,703
MK,Lipkovo,MK-704,704
MK,Lozovo,MK-105,105
MK,Makedonska Kamenica,MK-207,207
MK,Mavrovo i Rostusa,MK-607,607
MK,Mogila,MK-506,506
MK,Negotino,MK-106,106
MK,Novo Selo,MK-408,408
MK,Ohrid,MK-310,310
MK,Pehcevo,MK-208,208
MK,Petrovec,MK-810,810
MK,Prilep,MK-508,508
MK,Probistip,MK-209,209
MK,Radovis,MK-409,409
MK,Rankovce,MK-705,705
MK,Resen,MK-509,509
MK,Rosoman,MK-107,107
MK,Saraj,MK-811,811
MK,Sopiste,MK-812,812
MK,Staro Nagoricane,MK-706,706
MK,Stip,MK-211,211
MK,Struga,MK-312,312
MK,Strumica,MK-410,410
MK,Studenicani,MK-813,813
MK,Sveti Nikole,MK-108,108
MK,Tetovo,MK-609,609
MK,Valandovo,MK-403,403
MK,Vasilevo,MK-404,404
MK,Veles,MK-101,101
MK,Vevcani,MK-301,301
MK,Vinica,MK-202,202
MK,Vrapciste,MK-603,603
MK,Zelenikovo,MK-806,806
MK,Zelino,MK-605,605
ML,Bamako,ML-BKO,BKO
ML,Gao,ML-7,7
ML,Kayes,ML-1,1
ML,Kidal,ML-8,8
ML,Koulikoro,ML-2,2
ML,Mopti,ML-5,5
ML,Segou,ML-4,4
ML,Sikasso,ML-3,3
ML,Tombouctou,ML-6,6
MM,Ayeyarwady,MM-07,07
MM,Bago,MM-02,02
MM,Chin,MM-14,14
MM,Kachin,MM-11,11
MM,Kayah,MM-12,12
MM,Kayin,MM-13,13
MM,Magway,MM-03,03
MM,Mandalay,MM-04,04
MM,Mon,MM-15,15
MM,Nay Pyi Taw,MM-18,18
MM,Rakhine,MM-16,16
MM,Sagaing,MM-01,01
MM,Shan,MM-17,17
MM,Tanintharyi,MM-05,05
MM,Yangon,MM-06,06
MN,Arhangay,MN-073,073
MN,Bayan-Olgiy,MN-071,071
MN,Bayanhongor,MN-069,069
MN,Bulgan,MN-067,067
MN,Darhan uul,MN-037,037
MN,Dornod,MN-061,061
MN,Dundgovi,MN-059,059
MN,Dzavhan,MN-057,057
MN,Govi-Altay,MN-065,065
MN,Govi-Sumber,MN-064,064
MN,Hovd,MN-043,043
MN,Hovsgol,MN-041,041
MN,Omnogovi,MN-053,053
MN,Orhon,MN-035,035
MN,Ovorhangay,MN-055,055
MN,Selenge,MN-049,049
MN,Tov,MN-047,047
MN,Ulaanbaatar,MN-1,1
MN,Uvs,MN-046,046
MO,Macao,-,
MP,Northern Mariana Islands,-,
MQ,Martinique,-,
MR,Adrar,MR-07,07
MR,Brakna,MR-05,05
MR,Dakhlet Nouadhibou,MR-08,08
MR,Gorgol,MR-04,04
MR,Guidimaka,MR-10,10
MR,Hodh ech Chargui,MR-01,01
MR,Hodh el Gharbi,MR-02,02
MR,Inchiri,MR-12,12
MR,Nouakchott Ouest,MR-13,13
MR,Tiris Zemmour,MR-11,11
MR,Trarza,MR-06,06
MS,Saint Anthony,-,
MS,Saint Peter,-,
MT,Attard,MT-01,01
MT,Balzan,MT-02,02
MT,Birgu,MT-03,03
MT,Birkirkara,MT-04,04
MT,Birzebbuga,MT-05,05
MT,Bormla,MT-06,06
MT,Dingli,MT-07,07
MT,Fgura,MT-08,08
MT,Floriana,MT-09,09
MT,Fontana,MT-10,10
MT,Ghajnsielem,MT-13,13
MT,Gharb,MT-14,14
MT,Gharghur,MT-15,15
MT,Ghasri,MT-16,16
MT,Ghaxaq,MT-17,17
MT,Gudja,MT-11,11
MT,Gzira,MT-12,12
MT,Hamrun,MT-18,18
MT,Iklin,MT-19,19
MT,Isla,MT-20,20
MT,Kalkara,MT-21,21
MT,Kercem,MT-22,22
MT,Kirkop,MT-23,23
MT,Lija,MT-24,24
MT,Luqa,MT-25,25
MT,Marsa,MT-26,26
MT,Marsaskala,MT-27,27
MT,Marsaxlokk,MT-28,28
MT,Mdina,MT-29,29
MT,Mellieha,MT-30,30
MT,Mgarr,MT-31,31
MT,Mosta,MT-32,32
MT,Mqabba,MT-33,33
MT,Msida,MT-34,34
MT,Mtarfa,MT-35,35
MT,Munxar,MT-36,36
MT,Nadur,MT-37,37
MT,Naxxar,MT-38,38
MT,Paola,MT-39,39
MT,Pembroke,MT-40,40
MT,Pieta,MT-41,41
MT,Qala,MT-42,42
MT,Qormi,MT-43,43
MT,Qrendi,MT-44,44
MT,Rabat Gozo,MT-45,45
MT,Rabat Malta,MT-46,46
MT,Safi,MT-47,47
MT,Saint John,MT-49,49
MT,Saint Julian's,MT-48,48
MT,Saint Lucia's,MT-53,53
MT,Saint Paul's Bay,MT-51,51
MT,Sannat,MT-52,52
MT,Santa Venera,MT-54,54
MT,Siggiewi,MT-55,55
MT,Sliema,MT-56,56
MT,Swieqi,MT-57,57
MT,Ta' Xbiex,MT-58,58
MT,Tarxien,MT-59,59
MT,Valletta,MT-60,60
MT,Xaghra,MT-61,61
MT,Xewkija,MT-62,62
MT,Xghajra,MT-63,63
MT,Zabbar,MT-64,64
MT,Zebbug Gozo,MT-65,65
MT,Zejtun,MT-67,67
MT,Zurrieq,MT-68,68
MU,Black River,MU-BL,BL
MU,Flacq,MU-FL,FL
MU,Grand Port,MU-GP,GP
MU,Moka,MU-MO,MO
MU,Pamplemousses,MU-PA,PA
MU,Plaines Wilhems,MU-PW,PW
MU,Port Louis,MU-PL,PL
MU,Riviere du Rempart,MU-RR,RR
MU,Rodrigues Islands,MU-RO,RO
MU,Savanne,MU-SA,SA
MV,Addu City,MV-01,01
MV,Faadhippolhu,MV-03,03
MV,Felidhu Atoll,MV-04,04
MV,Fuvammulah,MV-29,29
MV,Hahdhunmathi,MV-05,05
MV,Kolhumadulu,MV-08,08
MV,Male,MV-MLE,MLE
MV,North Ari Atoll,MV-02,02
MV,North Maalhosmadulu,MV-13,13
MV,North Miladhunmadulu,MV-24,24
MV,North Nilandhe Atoll,MV-14,14
MV,North Thiladhunmathi,MV-07,07
MV,South Ari Atoll,MV-00,00
MV,South Huvadhu Atoll,MV-28,28
MV,South Maalhosmadulu,MV-20,20
MV,South Miladhunmadulu,MV-25,25
MV,South Nilandhe Atoll,MV-17,17
MW,Balaka,MW-BA,BA
MW,Blantyre,MW-BL,BL
MW,Chikwawa,MW-CK,CK
MW,Dedza,MW-DE,DE
MW,Karonga,MW-KR,KR
MW,Kasungu,MW-KS,KS
MW,Lilongwe,MW-LI,LI
MW,Machinga,MW-MH,MH
MW,Mangochi,MW-MG,MG
MW,Mwanza,MW-MW,MW
MW,Mzimba,MW-MZ,MZ
MW,Neno,MW-NE,NE
MW,Nkhotakota,MW-NK,NK
MW,Ntchisi,MW-NI,NI
MW,Salima,MW-SA,SA
MW,Thyolo,MW-TH,TH
MW,Zomba,MW-ZO,ZO
MX,Aguascalientes,MX-AGU,AGU
MX,Baja California,MX-BCN,BCN
MX,Baja California Sur,MX-BCS,BCS
MX,Campeche,MX-CAM,CAM
MX,Chiapas,MX-CHP,CHP
MX,Chihuahua,MX-CHH,CHH
MX,Ciudad de Mexico,MX-CMX,CMX
MX,Coahuila de Zaragoza,MX-COA,COA
MX,Colima,MX-COL,COL
MX,Durango,MX-DUR,DUR
MX,Guanajuato,MX-GUA,GUA
MX,Guerrero,MX-GRO,GRO
MX,Hidalgo,MX-HID,HID
MX,Jalisco,MX-JAL,JAL
MX,Mexico,MX-MEX,MEX
MX,Michoacan de Ocampo,MX-MIC,MIC
MX,Morelos,MX-MOR,MOR
MX,Nayarit,MX-NAY,NAY
MX,Nuevo Leon,MX-NLE,NLE
MX,Oaxaca,MX-OAX,OAX
MX,Puebla,MX-PUE,PUE
MX,Queretaro,MX-QUE,QUE
MX,Quintana Roo,MX-ROO,ROO
MX,San Luis Potosi,MX-SLP,SLP
MX,Sinaloa,MX-SIN,SIN
MX,Sonora,MX-SON,SON
MX,Tabasco,MX-TAB,TAB
MX,Tamaulipas,MX-TAM,TAM
MX,Tlaxcala,MX-TLA,TLA
MX,Veracruz de Ignacio de la Llave,MX-VER,VER
MX,Yucatan,MX-YUC,YUC
MX,Zacatecas,MX-ZAC,ZAC
MY,Johor,MY-01,01
MY,Kedah,MY-02,02
MY,Kelantan,MY-03,03
MY,Melaka,MY-04,04
MY,Negeri Sembilan,MY-05,05
MY,Pahang,MY-06,06
MY,Perak,MY-08,08
MY,Perlis,MY-09,09
MY,Pulau Pinang,MY-07,07
MY,Sabah,MY-12,12
MY,Sarawak,MY-13,13
MY,Selangor,MY-10,10
MY,Terengganu,MY-11,11
MY,Wilayah Persekutuan Kuala Lumpur,MY-14,14
MY,Wilayah Persekutuan Labuan,MY-15,15
MY,Wilayah Persekutuan Putrajaya,MY-16,16
MZ,Cabo Delgado,MZ-P,P
MZ,Gaza,MZ-G,G
MZ,Inhambane,MZ-I,I
MZ,Manica,MZ-B,B
MZ,Maputo,MZ-L,L
MZ,Nampula,MZ-N,N
MZ,Niassa,MZ-A,A
MZ,Sofala,MZ-S,S
MZ,Tete,MZ-T,T
MZ,Zambezia,MZ-Q,Q
NA,Erongo,NA-ER,ER
NA,Hardap,NA-HA,HA
NA,Karas,NA-KA,KA
NA,Kavango East,NA-KE,KE
NA,Khomas,NA-KH,KH
NA,Kunene,NA-KU,KU
NA,Ohangwena,NA-OW,OW
NA,Omaheke,NA-OH,OH
NA,Omusati,NA-OS,OS
NA,Oshana,NA-ON,ON
NA,Oshikoto,NA-OT,OT
NA,Otjozondjupa,NA-OD,OD
NA,Zambezi,NA-CA,CA
NC,Province Nord,-,
NC,Province Sud,-,
NC,Province des iles Loyaute,-,
NE,Agadez,NE-1,1
NE,Dosso,NE-3,3
NE,Maradi,NE-4,4
NE,Niamey,NE-8,8
NE,Tahoua,NE-5,5
NE,Tillaberi,NE-6,6
NE,Zinder,NE-7,7
NF,Norfolk Island,-,
NG,Abia,NG-AB,AB
NG,Abuja Federal Capital Territory,NG-FC,FC
NG,Adamawa,NG-AD,AD
NG,Akwa Ibom,NG-AK,AK
NG,Anambra,NG-AN,AN
NG,Bauchi,NG-BA,BA
NG,Bayelsa,NG-BY,BY
NG,Benue,NG-BE,BE
NG,Borno,NG-BO,BO
NG,Cross River,NG-CR,CR
NG,Delta,NG-DE,DE
NG,Ebonyi,NG-EB,EB
NG,Edo,NG-ED,ED
NG,Ekiti,NG-EK,EK
NG,Enugu,NG-EN,EN
NG,Gombe,NG-GO,GO
NG,Imo,NG-IM,IM
NG,Jigawa,NG-JI,JI
NG,Kaduna,NG-KD,KD
NG,Kano,NG-KN,KN
NG,Katsina,NG-KT,KT
NG,Kebbi,NG-KE,KE
NG,Kogi,NG-KO,KO
NG,Kwara,NG-KW,KW
NG,Lagos,NG-LA,LA
NG,Nasarawa,NG-NA,NA
NG,Niger,NG-NI,NI
NG,Ogun,NG-OG,OG
NG,Ondo,NG-ON,ON
NG,Osun,NG-OS,OS
NG,Oyo,NG-OY,OY
NG,Plateau,NG-PL,PL
NG,Rivers,NG-RI,RI
NG,Sokoto,NG-SO,SO
NG,Taraba,NG-TA,TA
NG,Yobe,NG-YO,YO
NG,Zamfara,NG-ZA,ZA
NI,Boaco,NI-BO,BO
NI,Carazo,NI-CA,CA
NI,Chinandega,NI-CI,CI
NI,Chontales,NI-CO,CO
NI,Costa Caribe Norte,NI-AN,AN
NI,Costa Caribe Sur,NI-AS,AS
NI,Esteli,NI-ES,ES
NI,Granada,NI-GR,GR
NI,Jinotega,NI-JI,JI
NI,Leon,NI-LE,LE
NI,Madriz,NI-MD,MD
NI,Managua,NI-MN,MN
NI,Masaya,NI-MS,MS
NI,Matagalpa,NI-MT,MT
NI,Nueva Segovia,NI-NS,NS
NI,Rio San Juan,NI-SJ,SJ
NI,Rivas,NI-RI,RI
NL,Drenthe,NL-DR,DR
NL,Flevoland,NL-FL,FL
NL,Fryslan,NL-FR,FR
NL,Gelderland,NL-GE,GE
NL,Groningen,NL-GR,GR
NL,Limburg,NL-LI,LI
NL,Noord-Brabant,NL-NB,NB
NL,Noord-Holland,NL-NH,NH
NL,Overijssel,NL-OV,OV
NL,Utrecht,NL-UT,UT
NL,Zeeland,NL-ZE,ZE
NL,Zuid-Holland,NL-ZH,ZH
NO,Agder,NO-42,42
NO,Innlandet,NO-34,34
NO,More og Romsdal,NO-15,15
NO,Nordland,NO-18,18
NO,Oslo,NO-03,03
NO,Rogaland,NO-11,11
NO,Troms og Finnmark,NO-54,54
NO,Trondelag,NO-50,50
NO,Vestfold og Telemark,NO-38,38
NO,Vestland,NO-46,46
NO,Viken,NO-30,30
NP,Bagmati,NP-P3,P3
NP,Gandaki,NP-P4,P4
NP,Karnali,NP-P6,P6
NP,Koshi,NP-P1,P1
NP,Lumbini,NP-P5,P5
NP,Madhesh,NP-P2,P2
NP,Sudurpashchim, NP-P7,-P7
NR,Aiwo,NR-01,01
NR,Yaren,NR-14,14
NU,Niue,-,
NZ,Auckland,NZ-AUK,AUK
NZ,Bay of Plenty,NZ-BOP,BOP
NZ,Canterbury,NZ-CAN,CAN
NZ,Chatham Islands Territory,NZ-CIT,CIT
NZ,Gisborne,NZ-GIS,GIS
NZ,Greater Wellington,NZ-WGN,WGN
NZ,Hawke's Bay,NZ-HKB,HKB
NZ,Manawatu-Whanganui,NZ-MWT,MWT
NZ,Marlborough,NZ-MBH,MBH
NZ,Nelson,NZ-NSN,NSN
NZ,Northland,NZ-NTL,NTL
NZ,Otago,NZ-OTA,OTA
NZ,Southland,NZ-STL,STL
NZ,Taranaki,NZ-TKI,TKI
NZ,Tasman,NZ-TAS,TAS
NZ,Waikato,NZ-WKO,WKO
NZ,West Coast,NZ-WTC,WTC
OM,Ad Dakhiliyah,OM-DA,DA
OM,Al Buraymi,OM-BU,BU
OM,Al Wusta,OM-WU,WU
OM,Az Zahirah,OM-ZA,ZA
OM,Janub al Batinah,OM-BJ,BJ
OM,Janub ash Sharqiyah,OM-SJ,SJ
OM,Masqat,OM-MA,MA
OM,Musandam,OM-MU,MU
OM,Shamal al Batinah,OM-BS,BS
OM,Shamal ash Sharqiyah,OM-SS,SS
OM,Zufar,OM-ZU,ZU
PA,Bocas del Toro,PA-1,1
PA,Chiriqui,PA-4,4
PA,Cocle,PA-2,2
PA,Colon,PA-3,3
PA,Darien,PA-5,5
PA,Guna Yala,PA-KY,KY
PA,Herrera,PA-6,6
PA,Los Santos,PA-7,7
PA,Ngobe-Bugle,PA-NB,NB
PA,Panama,PA-8,8
PA,Veraguas,PA-9,9
PE,Amazonas,PE-AMA,AMA
PE,Ancash,PE-ANC,ANC
PE,Apurimac,PE-APU,APU
PE,Arequipa,PE-ARE,ARE
PE,Ayacucho,PE-AYA,AYA
PE,Cajamarca,PE-CAJ,CAJ
PE,Cusco,PE-CUS,CUS
PE,El Callao,PE-CAL,CAL
PE,Huancavelica,PE-HUV,HUV
PE,Huanuco,PE-HUC,HUC
PE,Ica,PE-ICA,ICA
PE,Junin,PE-JUN,JUN
PE,La Libertad,PE-LAL,LAL
PE,Lambayeque,PE-LAM,LAM
PE,Lima,PE-LIM,LIM
PE,Loreto,PE-LOR,LOR
PE,Madre de Dios,PE-MDD,MDD
PE,Moquegua,PE-MOQ,MOQ
PE,Pasco,PE-PAS,PAS
PE,Piura,PE-PIU,PIU
PE,Puno,PE-PUN,PUN
PE,San Martin,PE-SAM,SAM
PE,Tacna,PE-TAC,TAC
PE,Tumbes,PE-TUM,TUM
PE,Ucayali,PE-UCA,UCA
PF,Iles Marquises,-,
PF,Iles Sous-le-Vent,-,
PF,Iles Tuamotu-Gambier,-,
PF,Iles du Vent,-,
PG,Bougainville,PG-NSB,NSB
PG,Central,PG-CPM,CPM
PG,Chimbu,PG-CPK,CPK
PG,East New Britain,PG-EBR,EBR
PG,Eastern Highlands,PG-EHG,EHG
PG,Enga,PG-EPW,EPW
PG,Madang,PG-MPM,MPM
PG,Manus,PG-MRL,MRL
PG,Milne Bay,PG-MBA,MBA
PG,Morobe,PG-MPL,MPL
PG,National Capital District (Port Moresby),PG-NCD,NCD
PG,New Ireland,PG-NIK,NIK
PG,Southern Highlands,PG-SHM,SHM
PG,West New Britain,PG-WBK,WBK
PG,Western,PG-WPD,WPD
PG,Western Highlands,PG-WHM,WHM
PH,Abra,PH-ABR,ABR
PH,Agusan del Norte,PH-AGN,AGN
PH,Agusan del Sur,PH-AGS,AGS
PH,Aklan,PH-AKL,AKL
PH,Albay,PH-ALB,ALB
PH,Antique,PH-ANT,ANT
PH,Apayao,PH-APA,APA
PH,Aurora,PH-AUR,AUR
PH,Basilan,PH-BAS,BAS
PH,Bataan,PH-BAN,BAN
PH,Batanes,PH-BTN,BTN
PH,Batangas,PH-BTG,BTG
PH,Benguet,PH-BEN,BEN
PH,Biliran,PH-BIL,BIL
PH,Bohol,PH-BOH,BOH
PH,Bukidnon,PH-BUK,BUK
PH,Bulacan,PH-BUL,BUL
PH,Cagayan,PH-CAG,CAG
PH,Camarines Norte,PH-CAN,CAN
PH,Camarines Sur,PH-CAS,CAS
PH,Camiguin,PH-CAM,CAM
PH,Capiz,PH-CAP,CAP
PH,Catanduanes,PH-CAT,CAT
PH,Cavite,PH-CAV,CAV
PH,Cebu,PH-CEB,CEB
PH,Cotabato,PH-NCO,NCO
PH,Davao Oriental,PH-DAO,DAO
PH,Davao de Oro,PH-COM,COM
PH,Davao del Norte,PH-DAV,DAV
PH,Davao del Sur,PH-DAS,DAS
PH,Dinagat Islands,PH-DIN,DIN
PH,Eastern Samar,PH-EAS,EAS
PH,Guimaras,PH-GUI,GUI
PH,Ifugao,PH-IFU,IFU
PH,Ilocos Norte,PH-ILN,ILN
PH,Ilocos Sur,PH-ILS,ILS
PH,Iloilo,PH-ILI,ILI
PH,Isabela,PH-ISA,ISA
PH,Kalinga,PH-KAL,KAL
PH,La Union,PH-LUN,LUN
PH,Laguna,PH-LAG,LAG
PH,Lanao del Norte,PH-LAN,LAN
PH,Lanao del Sur,PH-LAS,LAS
PH,Leyte,PH-LEY,LEY
PH,Maguindanao del Norte,PH-MGN,MGN
PH,Maguindanao del Sur,PH-MGS,MGS
PH,Marinduque,PH-MAD,MAD
PH,Masbate,PH-MAS,MAS
PH,Mindoro Occidental,PH-MDC,MDC
PH,Mindoro Oriental,PH-MDR,MDR
PH,Misamis Occidental,PH-MSC,MSC
PH,Misamis Oriental,PH-MSR,MSR
PH,Mountain Province,PH-MOU,MOU
PH,National Capital Region,PH-00,00
PH,Negros Occidental,PH-NEC,NEC
PH,Negros Oriental,PH-NER,NER
PH,Northern Samar,PH-NSA,NSA
PH,Nueva Ecija,PH-NUE,NUE
PH,Nueva Vizcaya,PH-NUV,NUV
PH,Palawan,PH-PLW,PLW
PH,Pampanga,PH-PAM,PAM
PH,Pangasinan,PH-PAN,PAN
PH,Quezon,PH-QUE,QUE
PH,Quirino,PH-QUI,QUI
PH,Rizal,PH-RIZ,RIZ
PH,Romblon,PH-ROM,ROM
PH,Samar,PH-WSA,WSA
PH,Sarangani,PH-SAR,SAR
PH,Siquijor,PH-SIG,SIG
PH,Sorsogon,PH-SOR,SOR
PH,South Cotabato,PH-SCO,SCO
PH,Southern Leyte,PH-SLE,SLE
PH,Sultan Kudarat,PH-SUK,SUK
PH,Sulu,PH-SLU,SLU
PH,Surigao del Norte,PH-SUN,SUN
PH,Surigao del Sur,PH-SUR,SUR
PH,Tarlac,PH-TAR,TAR
PH,Tawi-Tawi,PH-TAW,TAW
PH,Zambales,PH-ZMB,ZMB
PH,Zamboanga Sibugay,PH-ZSI,ZSI
PH,Zamboanga del Norte,PH-ZAN,ZAN
PH,Zamboanga del Sur,PH-ZAS,ZAS
PK,Azad Jammu and Kashmir,PK-JK,JK
PK,Balochistan,PK-BA,BA
PK,Gilgit-Baltistan,PK-GB,GB
PK,Islamabad,PK-IS,IS
PK,Khyber Pakhtunkhwa,PK-KP,KP
PK,Punjab,PK-PB,PB
PK,Sindh,PK-SD,SD
PL,Dolnoslaskie,PL-02,02
PL,Kujawsko-Pomorskie,PL-04,04
PL,Lodzkie,PL-10,10
PL,Lubelskie,PL-06,06
PL,Lubuskie,PL-08,08
PL,Malopolskie,PL-12,12
PL,Mazowieckie,PL-14,14
PL,Opolskie,PL-16,16
PL,Podkarpackie,PL-18,18
PL,Podlaskie,PL-20,20
PL,Pomorskie,PL-22,22
PL,Slaskie,PL-24,24
PL,Swietokrzyskie,PL-26,26
PL,Warminsko-Mazurskie,PL-28,28
PL,Wielkopolskie,PL-30,30
PL,Zachodniopomorskie,PL-32,32
PM,Saint Pierre and Miquelon,-,
PN,Pitcairn,-,
PR,Adjuntas,-,
PR,Aguada,-,
PR,Aguadilla,-,
PR,Aguas Buenas,-,
PR,Aibonito,-,
PR,Anasco,-,
PR,Arecibo,-,
PR,Arroyo,-,
PR,Barceloneta,-,
PR,Barranquitas,-,
PR,Bayamon,-,
PR,Cabo Rojo,-,
PR,Caguas,-,
PR,Camuy,-,
PR,Canovanas,-,
PR,Carolina,-,
PR,Catano,-,
PR,Cayey,-,
PR,Ceiba,-,
PR,Ciales,-,
PR,Cidra,-,
PR,Coamo,-,
PR,Comerio,-,
PR,Corozal,-,
PR,Culebra,-,
PR,Dorado,-,
PR,Fajardo,-,
PR,Florida,-,
PR,Guanica,-,
PR,Guayama,-,
PR,Guayanilla,-,
PR,Guaynabo,-,
PR,Gurabo,-,
PR,Hatillo,-,
PR,Hormigueros,-,
PR,Humacao,-,
PR,Isabela,-,
PR,Juana Diaz,-,
PR,Lajas,-,
PR,Lares,-,
PR,Las Marias,-,
PR,Las Piedras,-,
PR,Loiza,-,
PR,Luquillo,-,
PR,Manati,-,
PR,Maricao,-,
PR,Mayaguez,-,
PR,Moca,-,
PR,Morovis,-,
PR,Municipio de Jayuya,-,
PR,Municipio de Juncos,-,
PR,Naguabo,-,
PR,Naranjito,-,
PR,Patillas,-,
PR,Penuelas,-,
PR,Ponce,-,
PR,Quebradillas,-,
PR,Rincon,-,
PR,Rio Grande,-,
PR,Sabana Grande,-,
PR,Salinas,-,
PR,San German,-,
PR,San Juan,-,
PR,San Lorenzo,-,
PR,San Sebastian,-,
PR,Santa Isabel Municipio,-,
PR,Toa Alta,-,
PR,Toa Baja,-,
PR,Trujillo Alto,-,
PR,Utuado,-,
PR,Vega Alta,-,
PR,Vega Baja,-,
PR,Vieques,-,
PR,Villalba,-,
PR,Yabucoa,-,
PR,Yauco,-,
PS,Bethlehem,PS-BTH,BTH
PS,Deir El Balah,PS-DEB,DEB
PS,Gaza,PS-GZA,GZA
PS,Hebron,PS-HBN,HBN
PS,Jenin,PS-JEN,JEN
PS,Jericho and Al Aghwar,PS-JRH,JRH
PS,Jerusalem,PS-JEM,JEM
PS,Khan Yunis,PS-KYS,KYS
PS,Nablus,PS-NBS,NBS
PS,Rafah,PS-RFH,RFH
PS,Ramallah,PS-RBH,RBH
PS,Salfit,PS-SLT,SLT
PS,Tubas,PS-TBS,TBS
PS,Tulkarm,PS-TKM,TKM
PT,Aveiro,PT-01,01
PT,Beja,PT-02,02
PT,Braga,PT-03,03
PT,Braganca,PT-04,04
PT,Castelo Branco,PT-05,05
PT,Coimbra,PT-06,06
PT,Evora,PT-07,07
PT,Faro,PT-08,08
PT,Guarda,PT-09,09
PT,Leiria,PT-10,10
PT,Lisboa,PT-11,11
PT,Portalegre,PT-12,12
PT,Porto,PT-13,13
PT,Regiao Autonoma da Madeira,PT-30,30
PT,Regiao Autonoma dos Acores,PT-20,20
PT,Santarem,PT-14,14
PT,Setubal,PT-15,15
PT,Viana do Castelo,PT-16,16
PT,Vila Real,PT-17,17
PT,Viseu,PT-18,18
PW,Airai,PW-004,004
PW,Koror,PW-150,150
PW,Melekeok,PW-212,212
PW,Ngardmau,PW-222,222
PW,Ngchesar,PW-226,226
PW,Sonsorol,PW-370,370
PY,Alto Parana,PY-10,10
PY,Amambay,PY-13,13
PY,Asuncion,PY-ASU,ASU
PY,Boqueron,PY-19,19
PY,Caaguazu,PY-5,5
PY,Caazapa,PY-6,6
PY,Canindeyu,PY-14,14
PY,Central,PY-11,11
PY,Concepcion,PY-1,1
PY,Cordillera,PY-3,3
PY,Guaira,PY-4,4
PY,Itapua,PY-7,7
PY,Misiones,PY-8,8
PY,Neembucu,PY-12,12
PY,Paraguari,PY-9,9
PY,Presidente Hayes,PY-15,15
PY,San Pedro,PY-2,2
QA,Ad Dawhah,QA-DA,DA
QA,Al Khawr wa adh Dhakhirah,QA-KH,KH
QA,Al Wakrah,QA-WA,WA
QA,Ar Rayyan,QA-RA,RA
QA,Ash Shamal,QA-MS,MS
QA,Az Za'ayin,QA-ZA,ZA
QA,Umm Salal,QA-US,US
RE,Reunion,-,
RO,Alba,RO-AB,AB
RO,Arad,RO-AR,AR
RO,Arges,RO-AG,AG
RO,Bacau,RO-BC,BC
RO,Bihor,RO-BH,BH
RO,Bistrita-Nasaud,RO-BN,BN
RO,Botosani,RO-BT,BT
RO,Braila,RO-BR,BR
RO,Brasov,RO-BV,BV
RO,Bucuresti,RO-B,B
RO,Buzau,RO-BZ,BZ
RO,Calarasi,RO-CL,CL
RO,Caras-Severin,RO-CS,CS
RO,Cluj,RO-CJ,CJ
RO,Constanta,RO-CT,CT
RO,Covasna,RO-CV,CV
RO,Dambovita,RO-DB,DB
RO,Dolj,RO-DJ,DJ
RO,Galati,RO-GL,GL
RO,Giurgiu,RO-GR,GR
RO,Gorj,RO-GJ,GJ
RO,Harghita,RO-HR,HR
RO,Hunedoara,RO-HD,HD
RO,Ialomita,RO-IL,IL
RO,Iasi,RO-IS,IS
RO,Ilfov,RO-IF,IF
RO,Maramures,RO-MM,MM
RO,Mehedinti,RO-MH,MH
RO,Mures,RO-MS,MS
RO,Neamt,RO-NT,NT
RO,Olt,RO-OT,OT
RO,Prahova,RO-PH,PH
RO,Salaj,RO-SJ,SJ
RO,Satu Mare,RO-SM,SM
RO,Sibiu,RO-SB,SB
RO,Suceava,RO-SV,SV
RO,Teleorman,RO-TR,TR
RO,Timis,RO-TM,TM
RO,Tulcea,RO-TL,TL
RO,Valcea,RO-VL,VL
RO,Vaslui,RO-VS,VS
RO,Vrancea,RO-VN,VN
RS,Beograd,RS-00,00
RS,Borski okrug,RS-14,14
RS,Branicevski okrug,RS-11,11
RS,Jablanicki okrug,RS-23,23
RS,Juznobacki okrug,RS-06,06
RS,Juznobanatski okrug,RS-04,04
RS,Kolubarski okrug,RS-09,09
RS,Kosovsko-Mitrovacki okrug,RS-28,28
RS,Macvanski okrug,RS-08,08
RS,Moravicki okrug,RS-17,17
RS,Nisavski okrug,RS-20,20
RS,Pcinjski okrug,RS-24,24
RS,Pecki okrug,RS-26,26
RS,Pirotski okrug,RS-22,22
RS,Podunavski okrug,RS-10,10
RS,Pomoravski okrug,RS-13,13
RS,Prizrenski okrug,RS-27,27
RS,Rasinski okrug,RS-19,19
RS,Raski okrug,RS-18,18
RS,Severnobacki okrug,RS-01,01
RS,Severnobanatski okrug,RS-03,03
RS,Srednjebanatski okrug,RS-02,02
RS,Sremski okrug,RS-07,07
RS,Sumadijski okrug,RS-12,12
RS,Toplicki okrug,RS-21,21
RS,Zajecarski okrug,RS-15,15
RS,Zapadnobacki okrug,RS-05,05
RS,Zlatiborski okrug,RS-16,16
RU,"Adygeya, Respublika",RU-AD,AD
RU,"Altay, Respublika",RU-AL,AL
RU,Altayskiy kray,RU-ALT,ALT
RU,Amurskaya oblast',RU-AMU,AMU
RU,Arkhangel'skaya oblast',RU-ARK,ARK
RU,Astrakhanskaya oblast',RU-AST,AST
RU,"Bashkortostan, Respublika",RU-BA,BA
RU,Belgorodskaya oblast',RU-BEL,BEL
RU,Bryanskaya oblast',RU-BRY,BRY
RU,"Buryatiya, Respublika",RU-BU,BU
RU,Chechenskaya Respublika,RU-CE,CE
RU,Chelyabinskaya oblast',RU-CHE,CHE
RU,Chukotskiy avtonomnyy okrug,RU-CHU,CHU
RU,Chuvashskaya Respublika,RU-CU,CU
RU,"Dagestan, Respublika",RU-DA,DA
RU,"Ingushetiya, Respublika",RU-IN,IN
RU,Irkutskaya oblast',RU-IRK,IRK
RU,Ivanovskaya oblast',RU-IVA,IVA
RU,Kabardino-Balkarskaya Respublika,RU-KB,KB
RU,Kaliningradskaya oblast',RU-KGD,KGD
RU,"Kalmykiya, Respublika",RU-KL,KL
RU,Kaluzhskaya oblast',RU-KLU,KLU
RU,Kamchatskiy kray,RU-KAM,KAM
RU,Karachayevo-Cherkesskaya Respublika,RU-KC,KC
RU,"Kareliya, Respublika",RU-KR,KR
RU,Kemerovskaya oblast',RU-KEM,KEM
RU,Khabarovskiy kray,RU-KHA,KHA
RU,"Khakasiya, Respublika",RU-KK,KK
RU,Khanty-Mansiyskiy avtonomnyy okrug,RU-KHM,KHM
RU,Kirovskaya oblast',RU-KIR,KIR
RU,"Komi, Respublika",RU-KO,KO
RU,Kostromskaya oblast',RU-KOS,KOS
RU,Krasnodarskiy kray,RU-KDA,KDA
RU,Krasnoyarskiy kray,RU-KYA,KYA
RU,Kurganskaya oblast',RU-KGN,KGN
RU,Kurskaya oblast',RU-KRS,KRS
RU,Leningradskaya oblast',RU-LEN,LEN
RU,Lipetskaya oblast',RU-LIP,LIP
RU,Magadanskaya oblast',RU-MAG,MAG
RU,"Mariy El, Respublika",RU-ME,ME
RU,"Mordoviya, Respublika",RU-MO,MO
RU,Moskovskaya oblast',RU-MOS,MOS
RU,Moskva,RU-MOW,MOW
RU,Murmanskaya oblast',RU-MUR,MUR
RU,Nenetskiy avtonomnyy okrug,RU-NEN,NEN
RU,Nizhegorodskaya oblast',RU-NIZ,NIZ
RU,Novgorodskaya oblast',RU-NGR,NGR
RU,Novosibirskaya oblast',RU-NVS,NVS
RU,Omskaya oblast',RU-OMS,OMS
RU,Orenburgskaya oblast',RU-ORE,ORE
RU,Orlovskaya oblast',RU-ORL,ORL
RU,Penzenskaya oblast',RU-PNZ,PNZ
RU,Permskiy kray,RU-PER,PER
RU,Primorskiy kray,RU-PRI,PRI
RU,Pskovskaya oblast',RU-PSK,PSK
RU,Rostovskaya oblast',RU-ROS,ROS
RU,Ryazanskaya oblast',RU-RYA,RYA
RU,"Saha, Respublika",RU-SA,SA
RU,Sakhalinskaya oblast',RU-SAK,SAK
RU,Samarskaya oblast',RU-SAM,SAM
RU,Sankt-Peterburg,RU-SPE,SPE
RU,Saratovskaya oblast',RU-SAR,SAR
RU,"Severnaya Osetiya, Respublika",RU-SE,SE
RU,Smolenskaya oblast',RU-SMO,SMO
RU,Stavropol'skiy kray,RU-STA,STA
RU,Sverdlovskaya oblast',RU-SVE,SVE
RU,Tambovskaya oblast',RU-TAM,TAM
RU,"Tatarstan, Respublika",RU-TA,TA
RU,Tomskaya oblast',RU-TOM,TOM
RU,Tul'skaya oblast',RU-TUL,TUL
RU,Tverskaya oblast',RU-TVE,TVE
RU,Tyumenskaya oblast',RU-TYU,TYU
RU,"Tyva, Respublika",RU-TY,TY
RU,Udmurtskaya Respublika,RU-UD,UD
RU,Ul'yanovskaya oblast',RU-ULY,ULY
RU,Vladimirskaya oblast',RU-VLA,VLA
RU,Volgogradskaya oblast',RU-VGG,VGG
RU,Vologodskaya oblast',RU-VLG,VLG
RU,Voronezhskaya oblast',RU-VOR,VOR
RU,Yamalo-Nenetskiy avtonomnyy okrug,RU-YAN,YAN
RU,Yaroslavskaya oblast',RU-YAR,YAR
RU,Yevreyskaya avtonomnaya oblast',RU-YEV,YEV
RU,Zabaykal'skiy kray,RU-ZAB,ZAB
RW,Est,RW-02,02
RW,Nord,RW-03,03
RW,Ouest,RW-04,04
RW,Sud,RW-05,05
RW,Ville de Kigali,RW-01,01
SA,'Asir,SA-14,14
SA,Al Bahah,SA-11,11
SA,Al Hudud ash Shamaliyah,SA-08,08
SA,Al Jawf,SA-12,12
SA,Al Madinah al Munawwarah,SA-03,03
SA,Al Qasim,SA-05,05
SA,Ar Riyad,SA-01,01
SA,Ash Sharqiyah,SA-04,04
SA,Ha'il,SA-06,06
SA,Jazan,SA-09,09
SA,Makkah al Mukarramah,SA-02,02
SA,Najran,SA-10,10
SA,Tabuk,SA-07,07
SB,Choiseul,SB-CH,CH
SB,Guadalcanal,SB-GU,GU
SB,Makira-Ulawa,SB-MK,MK
SB,Malaita,SB-ML,ML
SB,Western,SB-WE,WE
SC,Anse Boileau,SC-02,02
SC,Anse Royale,SC-05,05
SC,Anse aux Pins,SC-01,01
SC,Baie Lazare,SC-06,06
SC,Baie Sainte Anne,SC-07,07
SC,Beau Vallon,SC-08,08
SC,Bel Ombre,SC-10,10
SC,Cascade,SC-11,11
SC,English River,SC-16,16
SC,Grand Anse Mahe,SC-13,13
SC,Grand Anse Praslin,SC-14,14
SC,La Digue,SC-15,15
SC,Pointe Larue,SC-20,20
SC,Takamaka,SC-23,23
SD,Blue Nile,SD-NB,NB
SD,Central Darfur,SD-DC,DC
SD,Gedaref,SD-GD,GD
SD,Gezira,SD-GZ,GZ
SD,Kassala,SD-KA,KA
SD,Khartoum,SD-KH,KH
SD,North Darfur,SD-DN,DN
SD,North Kordofan,SD-KN,KN
SD,Northern,SD-NO,NO
SD,Red Sea,SD-RS,RS
SD,River Nile,SD-NR,NR
SD,Sennar,SD-SI,SI
SD,South Darfur,SD-DS,DS
SD,South Kordofan,SD-KS,KS
SD,West Darfur,SD-DW,DW
SD,West Kordofan,SD-GK,GK
SD,White Nile,SD-NW,NW
SE,Blekinge lan,SE-K,K
SE,Dalarnas lan,SE-W,W
SE,Gavleborgs lan,SE-X,X
SE,Gotlands lan,SE-I,I
SE,Hallands lan,SE-N,N
SE,Jamtlands lan,SE-Z,Z
SE,Jonkopings lan,SE-F,F
SE,Kalmar lan,SE-H,H
SE,Kronobergs lan,SE-G,G
SE,Norrbottens lan,SE-BD,BD
SE,Orebro lan,SE-T,T
SE,Ostergotlands lan,SE-E,E
SE,Skane lan,SE-M,M
SE,Sodermanlands lan,SE-D,D
SE,Stockholms lan,SE-AB,AB
SE,Uppsala lan,SE-C,C
SE,Varmlands lan,SE-S,S
SE,Vasterbottens lan,SE-AC,AC
SE,Vasternorrlands lan,SE-Y,Y
SE,Vastmanlands lan,SE-U,U
SE,Vastra Gotalands lan,SE-O,O
SG,Singapore,-,
SH,Saint Helena,SH-HL,HL
SI,Ajdovscina,SI-001,001
SI,Ankaran,SI-213,213
SI,Apace,SI-195,195
SI,Beltinci,SI-002,002
SI,Benedikt,SI-148,148
SI,Bistrica ob Sotli,SI-149,149
SI,Bled,SI-003,003
SI,Bloke,SI-150,150
SI,Bohinj,SI-004,004
SI,Borovnica,SI-005,005
SI,Bovec,SI-006,006
SI,Braslovce,SI-151,151
SI,Brda,SI-007,007
SI,Brezice,SI-009,009
SI,Brezovica,SI-008,008
SI,Cankova,SI-152,152
SI,Celje,SI-011,011
SI,Cerklje na Gorenjskem,SI-012,012
SI,Cerknica,SI-013,013
SI,Cerkno,SI-014,014
SI,Cirkulane,SI-196,196
SI,Crensovci,SI-015,015
SI,Crnomelj,SI-017,017
SI,Destrnik,SI-018,018
SI,Divaca,SI-019,019
SI,Dobje,SI-154,154
SI,Dobrepolje,SI-020,020
SI,Dobrna,SI-155,155
SI,Dobrova-Polhov Gradec,SI-021,021
SI,Dobrovnik,SI-156,156
SI,Domzale,SI-023,023
SI,Dornava,SI-024,024
SI,Dravograd,SI-025,025
SI,Duplek,SI-026,026
SI,Gorje,SI-207,207
SI,Gornja Radgona,SI-029,029
SI,Gornji Petrovci,SI-031,031
SI,Grad,SI-158,158
SI,Grosuplje,SI-032,032
SI,Hajdina,SI-159,159
SI,Hoce-Slivnica,SI-160,160
SI,Hodos,SI-161,161
SI,Horjul,SI-162,162
SI,Hrastnik,SI-034,034
SI,Hrpelje-Kozina,SI-035,035
SI,Idrija,SI-036,036
SI,Ig,SI-037,037
SI,Ilirska Bistrica,SI-038,038
SI,Ivancna Gorica,SI-039,039
SI,Izola,SI-040,040
SI,Jesenice,SI-041,041
SI,Jursinci,SI-042,042
SI,Kamnik,SI-043,043
SI,Kanal,SI-044,044
SI,Kidricevo,SI-045,045
SI,Kobarid,SI-046,046
SI,Kobilje,SI-047,047
SI,Kocevje,SI-048,048
SI,Komen,SI-049,049
SI,Komenda,SI-164,164
SI,Koper,SI-050,050
SI,Kosanjevica na Krki,SI-197,197
SI,Kostel,SI-165,165
SI,Kranj,SI-052,052
SI,Kranjska Gora,SI-053,053
SI,Krizevci,SI-166,166
SI,Krsko,SI-054,054
SI,Kungota,SI-055,055
SI,Kuzma,SI-056,056
SI,Lasko,SI-057,057
SI,Lenart,SI-058,058
SI,Lendava,SI-059,059
SI,Litija,SI-060,060
SI,Ljubljana,SI-061,061
SI,Ljutomer,SI-063,063
SI,Log-Dragomer,SI-208,208
SI,Logatec,SI-064,064
SI,Loska dolina,SI-065,065
SI,Loski Potok,SI-066,066
SI,Lovrenc na Pohorju,SI-167,167
SI,Luce,SI-067,067
SI,Lukovica,SI-068,068
SI,Majsperk,SI-069,069
SI,Makole,SI-198,198
SI,Maribor,SI-070,070
SI,Markovci,SI-168,168
SI,Medvode,SI-071,071
SI,Menges,SI-072,072
SI,Metlika,SI-073,073
SI,Mezica,SI-074,074
SI,Miklavz na Dravskem polju,SI-169,169
SI,Miren-Kostanjevica,SI-075,075
SI,Mirna,SI-212,212
SI,Mirna Pec,SI-170,170
SI,Mislinja,SI-076,076
SI,Mokronog-Trebelno,SI-199,199
SI,Moravce,SI-077,077
SI,Mozirje,SI-079,079
SI,Murska Sobota,SI-080,080
SI,Muta,SI-081,081
SI,Naklo,SI-082,082
SI,Nazarje,SI-083,083
SI,Nova Gorica,SI-084,084
SI,Novo Mesto,SI-085,085
SI,Odranci,SI-086,086
SI,Oplotnica,SI-171,171
SI,Ormoz,SI-087,087
SI,Piran,SI-090,090
SI,Pivka,SI-091,091
SI,Podcetrtek,SI-092,092
SI,Podlehnik,SI-172,172
SI,Poljcane,SI-200,200
SI,Polzela,SI-173,173
SI,Postojna,SI-094,094
SI,Prebold,SI-174,174
SI,Preddvor,SI-095,095
SI,Prevalje,SI-175,175
SI,Ptuj,SI-096,096
SI,Puconci,SI-097,097
SI,Race-Fram,SI-098,098
SI,Radece,SI-099,099
SI,Radenci,SI-100,100
SI,Radlje ob Dravi,SI-101,101
SI,Radovljica,SI-102,102
SI,Ravne na Koroskem,SI-103,103
SI,Razkrizje,SI-176,176
SI,Recica ob Savinji,SI-209,209
SI,Rence-Vogrsko,SI-201,201
SI,Ribnica,SI-104,104
SI,Rogaska Slatina,SI-106,106
SI,Rogasovci,SI-105,105
SI,Ruse,SI-108,108
SI,Salovci,SI-033,033
SI,Semic,SI-109,109
SI,Sempeter-Vrtojba,SI-183,183
SI,Sencur,SI-117,117
SI,Sentilj,SI-118,118
SI,Sentjernej,SI-119,119
SI,Sentjur,SI-120,120
SI,Sentrupert,SI-211,211
SI,Sevnica,SI-110,110
SI,Sezana,SI-111,111
SI,Skocjan,SI-121,121
SI,Skofja Loka,SI-122,122
SI,Skofljica,SI-123,123
SI,Slovenj Gradec,SI-112,112
SI,Slovenska Bistrica,SI-113,113
SI,Slovenske Konjice,SI-114,114
SI,Smarje pri Jelsah,SI-124,124
SI,Smarjeske Toplice,SI-206,206
SI,Smartno ob Paki,SI-125,125
SI,Smartno pri Litiji,SI-194,194
SI,Sodrazica,SI-179,179
SI,Solcava,SI-180,180
SI,Sostanj,SI-126,126
SI,Starse,SI-115,115
SI,Store,SI-127,127
SI,Straza,SI-203,203
SI,Sveta Trojica v Slovenskih goricah,SI-204,204
SI,Sveti Andraz v Slovenskih Goricah,SI-182,182
SI,Sveti Jurij ob Scavnici,SI-116,116
SI,Sveti Jurij v Slovenskih goricah,SI-210,210
SI,Sveti Tomaz,SI-205,205
SI,Tabor,SI-184,184
SI,Tisina,SI-010,010
SI,Tolmin,SI-128,128
SI,Trbovlje,SI-129,129
SI,Trebnje,SI-130,130
SI,Trnovska Vas,SI-185,185
SI,Trzic,SI-131,131
SI,Trzin,SI-186,186
SI,Turnisce,SI-132,132
SI,Velenje,SI-133,133
SI,Velika Polana,SI-187,187
SI,Velike Lasce,SI-134,134
SI,Verzej,SI-188,188
SI,Videm,SI-135,135
SI,Vipava,SI-136,136
SI,Vitanje,SI-137,137
SI,Vodice,SI-138,138
SI,Vojnik,SI-139,139
SI,Vransko,SI-189,189
SI,Vrhnika,SI-140,140
SI,Vuzenica,SI-141,141
SI,Zagorje ob Savi,SI-142,142
SI,Zalec,SI-190,190
SI,Zavrc,SI-143,143
SI,Zelezniki,SI-146,146
SI,Zetale,SI-191,191
SI,Ziri,SI-147,147
SI,Zrece,SI-144,144
SI,Zuzemberk,SI-193,193
SJ,Svalbard and Jan Mayen,-,
SK,Banskobystricky kraj,SK-BC,BC
SK,Bratislavsky kraj,SK-BL,BL
SK,Kosicky kraj,SK-KI,KI
SK,Nitriansky kraj,SK-NI,NI
SK,Presovsky kraj,SK-PV,PV
SK,Trenciansky kraj,SK-TC,TC
SK,Trnavsky kraj,SK-TA,TA
SK,Zilinsky kraj,SK-ZI,ZI
SL,Eastern,SL-E,E
SL,North Western,SL-NW,NW
SL,Northern,SL-N,N
SL,Southern,SL-S,S
SL,Western Area,SL-W,W
SM,Chiesanuova,SM-02,02
SM,Citta di San Marino,SM-07,07
SM,Faetano,SM-04,04
SM,Serravalle,SM-09,09
SN,Dakar,SN-DK,DK
SN,Diourbel,SN-DB,DB
SN,Fatick,SN-FK,FK
SN,Kaffrine,SN-KA,KA
SN,Kaolack,SN-KL,KL
SN,Kedougou,SN-KE,KE
SN,Louga,SN-LG,LG
SN,Matam,SN-MT,MT
SN,Saint-Louis,SN-SL,SL
SN,Tambacounda,SN-TC,TC
SN,Thies,SN-TH,TH
SN,Ziguinchor,SN-ZG,ZG
SO,Awdal,SO-AW,AW
SO,Banaadir,SO-BN,BN
SO,Bari,SO-BR,BR
SO,Bay,SO-BY,BY
SO,Galguduud,SO-GA,GA
SO,Hiiraan,SO-HI,HI
SO,Jubbada Hoose,SO-JH,JH
SO,Mudug,SO-MU,MU
SO,Nugaal,SO-NU,NU
SO,Sanaag,SO-SA,SA
SO,Shabeellaha Hoose,SO-SH,SH
SO,Sool,SO-SO,SO
SO,Togdheer,SO-TO,TO
SO,Woqooyi Galbeed,SO-WO,WO
SR,Brokopondo,SR-BR,BR
SR,Commewijne,SR-CM,CM
SR,Coronie,SR-CR,CR
SR,Nickerie,SR-NI,NI
SR,Para,SR-PR,PR
SR,Paramaribo,SR-PM,PM
SR,Saramacca,SR-SA,SA
SR,Sipaliwini,SR-SI,SI
SR,Wanica,SR-WA,WA
SS,Central Equatoria,SS-EC,EC
SS,Eastern Equatoria,SS-EE,EE
SS,Jonglei,SS-JG,JG
SS,Lakes,SS-LK,LK
SS,Upper Nile,SS-NU,NU
SS,Warrap,SS-WR,WR
SS,Western Equatoria,SS-EW,EW
ST,Agua Grande,ST-01,01
ST,Principe,ST-P,P
SV,Ahuachapan,SV-AH,AH
SV,Cabanas,SV-CA,CA
SV,Chalatenango,SV-CH,CH
SV,Cuscatlan,SV-CU,CU
SV,La Libertad,SV-LI,LI
SV,La Paz,SV-PA,PA
SV,La Union,SV-UN,UN
SV,Morazan,SV-MO,MO
SV,San Miguel,SV-SM,SM
SV,San Salvador,SV-SS,SS
SV,San Vicente,SV-SV,SV
SV,Santa Ana,SV-SA,SA
SV,Sonsonate,SV-SO,SO
SV,Usulutan,SV-US,US
SX,Sint Maarten (Dutch Part),-,
SY,Al Hasakah,SY-HA,HA
SY,Al Ladhiqiyah,SY-LA,LA
SY,Al Qunaytirah,SY-QU,QU
SY,Ar Raqqah,SY-RA,RA
SY,As Suwayda',SY-SU,SU
SY,Dar'a,SY-DR,DR
SY,Dayr az Zawr,SY-DY,DY
SY,Dimashq,SY-DI,DI
SY,Halab,SY-HL,HL
SY,Hamah,SY-HM,HM
SY,Hims,SY-HI,HI
SY,Idlib,SY-ID,ID
SY,Rif Dimashq,SY-RD,RD
SY,Tartus,SY-TA,TA
SZ,Hhohho,SZ-HH,HH
SZ,Lubombo,SZ-LU,LU
SZ,Manzini,SZ-MA,MA
SZ,Shiselweni,SZ-SH,SH
TC,Turks and Caicos Islands,-,
TD,Borkou,TD-BO,BO
TD,Chari-Baguirmi,TD-CB,CB
TD,Guera,TD-GR,GR
TD,Logone-Occidental,TD-LO,LO
TD,Mandoul,TD-MA,MA
TD,Mayo-Kebbi-Est,TD-ME,ME
TD,Moyen-Chari,TD-MC,MC
TD,Ouaddai,TD-OD,OD
TD,Sila,TD-SI,SI
TD,Ville de Ndjamena,TD-ND,ND
TD,Wadi Fira,TD-WF,WF
TF,French Southern Territories,-,
TG,Centrale,TG-C,C
TG,Kara,TG-K,K
TG,Maritime,TG-M,M
TG,Plateaux,TG-P,P
TG,Savanes,TG-S,S
TH,Amnat Charoen,TH-37,37
TH,Ang Thong,TH-15,15
TH,Bueng Kan,TH-38,38
TH,Buri Ram,TH-31,31
TH,Chachoengsao,TH-24,24
TH,Chai Nat,TH-18,18
TH,Chaiyaphum,TH-36,36
TH,Chanthaburi,TH-22,22
TH,Chiang Mai,TH-50,50
TH,Chiang Rai,TH-57,57
TH,Chon Buri,TH-20,20
TH,Chumphon,TH-86,86
TH,Kalasin,TH-46,46
TH,Kamphaeng Phet,TH-62,62
TH,Kanchanaburi,TH-71,71
TH,Khon Kaen,TH-40,40
TH,Krabi,TH-81,81
TH,Krung Thep Maha Nakhon,TH-10,10
TH,Lampang,TH-52,52
TH,Lamphun,TH-51,51
TH,Loei,TH-42,42
TH,Lop Buri,TH-16,16
TH,Mae Hong Son,TH-58,58
TH,Maha Sarakham,TH-44,44
TH,Mukdahan,TH-49,49
TH,Nakhon Nayok,TH-26,26
TH,Nakhon Pathom,TH-73,73
TH,Nakhon Phanom,TH-48,48
TH,Nakhon Ratchasima,TH-30,30
TH,Nakhon Sawan,TH-60,60
TH,Nakhon Si Thammarat,TH-80,80
TH,Nan,TH-55,55
TH,Narathiwat,TH-96,96
TH,Nong Bua Lam Phu,TH-39,39
TH,Nong Khai,TH-43,43
TH,Nonthaburi,TH-12,12
TH,Pathum Thani,TH-13,13
TH,Pattani,TH-94,94
TH,Phangnga,TH-82,82
TH,Phatthalung,TH-93,93
TH,Phayao,TH-56,56
TH,Phetchabun,TH-67,67
TH,Phetchaburi,TH-76,76
TH,Phichit,TH-66,66
TH,Phitsanulok,TH-65,65
TH,Phra Nakhon Si Ayutthaya,TH-14,14
TH,Phrae,TH-54,54
TH,Phuket,TH-83,83
TH,Prachin Buri,TH-25,25
TH,Prachuap Khiri Khan,TH-77,77
TH,Ranong,TH-85,85
TH,Ratchaburi,TH-70,70
TH,Rayong,TH-21,21
TH,Roi Et,TH-45,45
TH,Sa Kaeo,TH-27,27
TH,Sakon Nakhon,TH-47,47
TH,Samut Prakan,TH-11,11
TH,Samut Sakhon,TH-74,74
TH,Samut Songkhram,TH-75,75
TH,Saraburi,TH-19,19
TH,Satun,TH-91,91
TH,Si Sa Ket,TH-33,33
TH,Sing Buri,TH-17,17
TH,Songkhla,TH-90,90
TH,Sukhothai,TH-64,64
TH,Suphan Buri,TH-72,72
TH,Surat Thani,TH-84,84
TH,Surin,TH-32,32
TH,Tak,TH-63,63
TH,Trang,TH-92,92
TH,Trat,TH-23,23
TH,Ubon Ratchathani,TH-34,34
TH,Udon Thani,TH-41,41
TH,Uthai Thani,TH-61,61
TH,Uttaradit,TH-53,53
TH,Yala,TH-95,95
TH,Yasothon,TH-35,35
TJ,Dushanbe,TJ-DU,DU
TJ,Khatlon,TJ-KT,KT
TJ,Kuhistoni Badakhshon,TJ-GB,GB
TJ,Nohiyahoi Tobei Jumhuri,TJ-RA,RA
TJ,Sughd,TJ-SU,SU
TK,Tokelau,-,
TL,Aileu,TL-AL,AL
TL,Ainaro,TL-AN,AN
TL,Baucau,TL-BA,BA
TL,Cova Lima,TL-CO,CO
TL,Dili,TL-DI,DI
TL,Lautem,TL-LA,LA
TL,Liquica,TL-LI,LI
TL,Manufahi,TL-MF,MF
TL,Oecussi,TL-OE,OE
TM,Ahal,TM-A,A
TM,Balkan,TM-B,B
TM,Dasoguz,TM-D,D
TM,Lebap,TM-L,L
TM,Mary,TM-M,M
TN,Beja,TN-31,31
TN,Ben Arous,TN-13,13
TN,Bizerte,TN-23,23
TN,Gabes,TN-81,81
TN,Gafsa,TN-71,71
TN,Jendouba,TN-32,32
TN,Kairouan,TN-41,41
TN,Kasserine,TN-42,42
TN,Kebili,TN-73,73
TN,L'Ariana,TN-12,12
TN,La Manouba,TN-14,14
TN,Le Kef,TN-33,33
TN,Mahdia,TN-53,53
TN,Medenine,TN-82,82
TN,Monastir,TN-52,52
TN,Nabeul,TN-21,21
TN,Sfax,TN-61,61
TN,Sidi Bouzid,TN-43,43
TN,Siliana,TN-34,34
TN,Sousse,TN-51,51
TN,Tataouine,TN-83,83
TN,Tozeur,TN-72,72
TN,Tunis,TN-11,11
TN,Zaghouan,TN-22,22
TO,'Eua,TO-01,01
TO,Ha'apai,TO-02,02
TO,Niuas,TO-03,03
TO,Tongatapu,TO-04,04
TO,Vava'u,TO-05,05
TR,Adana,TR-01,01
TR,Adiyaman,TR-02,02
TR,Afyonkarahisar,TR-03,03
TR,Agri,TR-04,04
TR,Aksaray,TR-68,68
TR,Amasya,TR-05,05
TR,Ankara,TR-06,06
TR,Antalya,TR-07,07
TR,Ardahan,TR-75,75
TR,Artvin,TR-08,08
TR,Aydin,TR-09,09
TR,Balikesir,TR-10,10
TR,Bartin,TR-74,74
TR,Batman,TR-72,72
TR,Bayburt,TR-69,69
TR,Bilecik,TR-11,11
TR,Bingol,TR-12,12
TR,Bitlis,TR-13,13
TR,Bolu,TR-14,14
TR,Burdur,TR-15,15
TR,Bursa,TR-16,16
TR,Canakkale,TR-17,17
TR,Cankiri,TR-18,18
TR,Corum,TR-19,19
TR,Denizli,TR-20,20
TR,Diyarbakir,TR-21,21
TR,Duzce,TR-81,81
TR,Edirne,TR-22,22
TR,Elazig,TR-23,23
TR,Erzincan,TR-24,24
TR,Erzurum,TR-25,25
TR,Eskisehir,TR-26,26
TR,Gaziantep,TR-27,27
TR,Giresun,TR-28,28
TR,Gumushane,TR-29,29
TR,Hakkari,TR-30,30
TR,Hatay,TR-31,31
TR,Igdir,TR-76,76
TR,Isparta,TR-32,32
TR,Istanbul,TR-34,34
TR,Izmir,TR-35,35
TR,Kahramanmaras,TR-46,46
TR,Karabuk,TR-78,78
TR,Karaman,TR-70,70
TR,Kars,TR-36,36
TR,Kastamonu,TR-37,37
TR,Kayseri,TR-38,38
TR,Kilis,TR-79,79
TR,Kirikkale,TR-71,71
TR,Kirklareli,TR-39,39
TR,Kirsehir,TR-40,40
TR,Kocaeli,TR-41,41
TR,Konya,TR-42,42
TR,Kutahya,TR-43,43
TR,Malatya,TR-44,44
TR,Manisa,TR-45,45
TR,Mardin,TR-47,47
TR,Mersin,TR-33,33
TR,Mugla,TR-48,48
TR,Mus,TR-49,49
TR,Nevsehir,TR-50,50
TR,Nigde,TR-51,51
TR,Ordu,TR-52,52
TR,Osmaniye,TR-80,80
TR,Rize,TR-53,53
TR,Sakarya,TR-54,54
TR,Samsun,TR-55,55
TR,Sanliurfa,TR-63,63
TR,Siirt,TR-56,56
TR,Sinop,TR-57,57
TR,Sirnak,TR-73,73
TR,Sivas,TR-58,58
TR,Tekirdag,TR-59,59
TR,Tokat,TR-60,60
TR,Trabzon,TR-61,61
TR,Tunceli,TR-62,62
TR,Usak,TR-64,64
TR,Van,TR-65,65
TR,Yalova,TR-77,77
TR,Yozgat,TR-66,66
TR,Zonguldak,TR-67,67
TT,Arima,TT-ARI,ARI
TT,Chaguanas,TT-CHA,CHA
TT,Couva-Tabaquite-Talparo,TT-CTT,CTT
TT,Diego Martin,TT-DMN,DMN
TT,Mayaro-Rio Claro,TT-MRC,MRC
TT,Penal-Debe,TT-PED,PED
TT,Point Fortin,TT-PTF,PTF
TT,Port of Spain,TT-POS,POS
TT,Princes Town,TT-PRT,PRT
TT,San Fernando,TT-SFO,SFO
TT,San Juan-Laventille,TT-SJL,SJL
TT,Sangre Grande,TT-SGE,SGE
TT,Siparia,TT-SIP,SIP
TT,Tobago,TT-TOB,TOB
TT,Tunapuna-Piarco,TT-TUP,TUP
TV,Funafuti,TV-FUN,FUN
TW,Changhua,TW-CHA,CHA
TW,Chiayi,TW-CYQ,CYQ
TW,Hsinchu,TW-HSQ,HSQ
TW,Hualien,TW-HUA,HUA
TW,Kaohsiung,TW-KHH,KHH
TW,Keelung,TW-KEE,KEE
TW,Kinmen,TW-KIN,KIN
TW,Lienchiang,TW-LIE,LIE
TW,Miaoli,TW-MIA,MIA
TW,Nantou,TW-NAN,NAN
TW,New Taipei,TW-NWT,NWT
TW,Penghu,TW-PEN,PEN
TW,Pingtung,TW-PIF,PIF
TW,Taichung,TW-TXG,TXG
TW,Tainan,TW-TNN,TNN
TW,Taipei,TW-TPE,TPE
TW,Taitung,TW-TTT,TTT
TW,Taoyuan,TW-TAO,TAO
TW,Yilan,TW-ILA,ILA
TW,Yunlin,TW-YUN,YUN
TZ,Arusha,TZ-01,01
TZ,Dar es Salaam,TZ-02,02
TZ,Dodoma,TZ-03,03
TZ,Geita,TZ-27,27
TZ,Iringa,TZ-04,04
TZ,Kagera,TZ-05,05
TZ,Kaskazini Pemba,TZ-06,06
TZ,Kaskazini Unguja,TZ-07,07
TZ,Katavi,TZ-28,28
TZ,Kigoma,TZ-08,08
TZ,Kilimanjaro,TZ-09,09
TZ,Kusini Pemba,TZ-10,10
TZ,Kusini Unguja,TZ-11,11
TZ,Lindi,TZ-12,12
TZ,Manyara,TZ-26,26
TZ,Mara,TZ-13,13
TZ,Mbeya,TZ-14,14
TZ,Mjini Magharibi,TZ-15,15
TZ,Morogoro,TZ-16,16
TZ,Mtwara,TZ-17,17
TZ,Mwanza,TZ-18,18
TZ,Njombe,TZ-29,29
TZ,Pwani,TZ-19,19
TZ,Ruvuma,TZ-21,21
TZ,Shinyanga,TZ-22,22
TZ,Simiyu,TZ-30,30
TZ,Singida,TZ-23,23
TZ,Songwe,TZ-31,31
TZ,Tabora,TZ-24,24
TZ,Tanga,TZ-25,25
UA,Avtonomna Respublika Krym,UA-43,43
UA,Cherkaska oblast,UA-71,71
UA,Chernihivska oblast,UA-74,74
UA,Chernivetska oblast,UA-77,77
UA,Dnipropetrovska oblast,UA-12,12
UA,Donetska oblast,UA-14,14
UA,Ivano-Frankivska oblast,UA-26,26
UA,Kharkivska oblast,UA-63,63
UA,Khersonska oblast,UA-65,65
UA,Khmelnytska oblast,UA-68,68
UA,Kirovohradska oblast,UA-35,35
UA,Kyiv,UA-30,30
UA,Kyivska oblast,UA-32,32
UA,Luhanska oblast,UA-09,09
UA,Lvivska oblast,UA-46,46
UA,Mykolaivska oblast,UA-48,48
UA,Odeska oblast,UA-51,51
UA,Poltavska oblast,UA-53,53
UA,Rivnenska oblast,UA-56,56
UA,Sevastopol,UA-40,40
UA,Sumska oblast,UA-59,59
UA,Ternopilska oblast,UA-61,61
UA,Vinnytska oblast,UA-05,05
UA,Volynska oblast,UA-07,07
UA,Zakarpatska oblast,UA-21,21
UA,Zaporizka oblast,UA-23,23
UA,Zhytomyrska oblast,UA-18,18
UG,Abim,UG-314,314
UG,Amuria,UG-216,216
UG,Apac,UG-302,302
UG,Arua,UG-303,303
UG,Budaka,UG-217,217
UG,Bugiri,UG-201,201
UG,Buhweju,UG-420,420
UG,Buikwe,UG-117,117
UG,Buliisa,UG-416,416
UG,Bundibugyo,UG-401,401
UG,Bushenyi,UG-402,402
UG,Busia,UG-202,202
UG,Butaleja,UG-221,221
UG,Buyende,UG-226,226
UG,Gomba,UG-121,121
UG,Gulu,UG-304,304
UG,Hoima,UG-403,403
UG,Ibanda,UG-417,417
UG,Iganga,UG-203,203
UG,Isingiro,UG-418,418
UG,Jinja,UG-204,204
UG,Kaabong,UG-318,318
UG,Kabale,UG-404,404
UG,Kabarole,UG-405,405
UG,Kalangala,UG-101,101
UG,Kaliro,UG-222,222
UG,Kalungu,UG-122,122
UG,Kampala,UG-102,102
UG,Kamuli,UG-205,205
UG,Kamwenge,UG-413,413
UG,Kanungu,UG-414,414
UG,Kasese,UG-406,406
UG,Katakwi,UG-207,207
UG,Kayunga,UG-112,112
UG,Kibaale,UG-407,407
UG,Kiboga,UG-103,103
UG,Kibuku,UG-227,227
UG,Kiruhura,UG-419,419
UG,Kiryandongo,UG-421,421
UG,Kisoro,UG-408,408
UG,Kitgum,UG-305,305
UG,Kumi,UG-208,208
UG,Kween,UG-228,228
UG,Kyankwanzi,UG-123,123
UG,Kyegegwa,UG-422,422
UG,Kyenjojo,UG-415,415
UG,Lamwo,UG-326,326
UG,Lira,UG-307,307
UG,Luwero,UG-104,104
UG,Lyantonde,UG-114,114
UG,Masaka,UG-105,105
UG,Masindi,UG-409,409
UG,Mayuge,UG-214,214
UG,Mbale,UG-209,209
UG,Mbarara,UG-410,410
UG,Mitooma,UG-423,423
UG,Mityana,UG-115,115
UG,Moroto,UG-308,308
UG,Moyo,UG-309,309
UG,Mpigi,UG-106,106
UG,Mubende,UG-107,107
UG,Mukono,UG-108,108
UG,Nakapiripirit,UG-311,311
UG,Nakaseke,UG-116,116
UG,Nakasongola,UG-109,109
UG,Namayingo,UG-230,230
UG,Namutumba,UG-224,224
UG,Nebbi,UG-310,310
UG,Ntoroko,UG-424,424
UG,Ntungamo,UG-411,411
UG,Nwoya,UG-328,328
UG,Pallisa,UG-210,210
UG,Rakai,UG-110,110
UG,Rubirizi,UG-425,425
UG,Rukungiri,UG-412,412
UG,Sheema,UG-426,426
UG,Sironko,UG-215,215
UG,Soroti,UG-211,211
UG,Tororo,UG-212,212
UG,Wakiso,UG-113,113
UG,Yumbe,UG-313,313
UG,Zombo,UG-330,330
UM,Palmyra Atoll,UM-95,95
US,Alabama,US-AL,AL
US,Alaska,US-AK,AK
US,Arizona,US-AZ,AZ
US,Arkansas,US-AR,AR
US,California,US-CA,CA
US,Colorado,US-CO,CO
US,Connecticut,US-CT,CT
US,Delaware,US-DE,DE
US,District of Columbia,US-DC,DC
US,Florida,US-FL,FL
US,Georgia,US-GA,GA
US,Hawaii,US-HI,HI
US,Idaho,US-ID,ID
US,Illinois,US-IL,IL
US,Indiana,US-IN,IN
US,Iowa,US-IA,IA
US,Kansas,US-KS,KS
US,Kentucky,US-KY,KY
US,Louisiana,US-LA,LA
US,Maine,US-ME,ME
US,Maryland,US-MD,MD
US,Massachusetts,US-MA,MA
US,Michigan,US-MI,MI
US,Minnesota,US-MN,MN
US,Mississippi,US-MS,MS
US,Missouri,US-MO,MO
US,Montana,US-MT,MT
US,Nebraska,US-NE,NE
US,Nevada,US-NV,NV
US,New Hampshire,US-NH,NH
US,New Jersey,US-NJ,NJ
US,New Mexico,US-NM,NM
US,New York,US-NY,NY
US,North Carolina,US-NC,NC
US,North Dakota,US-ND,ND
US,Ohio,US-OH,OH
US,Oklahoma,US-OK,OK
US,Oregon,US-OR,OR
US,Pennsylvania,US-PA,PA
US,Rhode Island,US-RI,RI
US,South Carolina,US-SC,SC
US,South Dakota,US-SD,SD
US,Tennessee,US-TN,TN
US,Texas,US-TX,TX
US,Utah,US-UT,UT
US,Vermont,US-VT,VT
US,Virginia,US-VA,VA
US,Washington,US-WA,WA
US,West Virginia,US-WV,WV
US,Wisconsin,US-WI,WI
US,Wyoming,US-WY,WY
UY,Artigas,UY-AR,AR
UY,Canelones,UY-CA,CA
UY,Cerro Largo,UY-CL,CL
UY,Colonia,UY-CO,CO
UY,Durazno,UY-DU,DU
UY,Flores,UY-FS,FS
UY,Florida,UY-FD,FD
UY,Lavalleja,UY-LA,LA
UY,Maldonado,UY-MA,MA
UY,Montevideo,UY-MO,MO
UY,Paysandu,UY-PA,PA
UY,Rio Negro,UY-RN,RN
UY,Rivera,UY-RV,RV
UY,Rocha,UY-RO,RO
UY,Salto,UY-SA,SA
UY,San Jose,UY-SJ,SJ
UY,Soriano,UY-SO,SO
UY,Tacuarembo,UY-TA,TA
UY,Treinta y Tres,UY-TT,TT
UZ,Andijon,UZ-AN,AN
UZ,Buxoro,UZ-BU,BU
UZ,Farg'ona,UZ-FA,FA
UZ,Jizzax,UZ-JI,JI
UZ,Namangan,UZ-NG,NG
UZ,Navoiy,UZ-NW,NW
UZ,Qashqadaryo,UZ-QA,QA
UZ,Qoraqalpog'iston Respublikasi,UZ-QR,QR
UZ,Samarqand,UZ-SA,SA
UZ,Sirdaryo,UZ-SI,SI
UZ,Surxondaryo,UZ-SU,SU
UZ,Toshkent,UZ-TK,TK
UZ,Xorazm,UZ-XO,XO
VA,Vatican City,-,
VC,Charlotte,VC-01,01
VC,Grenadines,VC-06,06
VC,Saint George,VC-04,04
VC,Saint Patrick,VC-05,05
VE,Amazonas,VE-Z,Z
VE,Anzoategui,VE-B,B
VE,Apure,VE-C,C
VE,Aragua,VE-D,D
VE,Barinas,VE-E,E
VE,Bolivar,VE-F,F
VE,Carabobo,VE-G,G
VE,Cojedes,VE-H,H
VE,Delta Amacuro,VE-Y,Y
VE,Distrito Capital,VE-A,A
VE,Falcon,VE-I,I
VE,Guarico,VE-J,J
VE,La Guaira,VE-X,X
VE,Lara,VE-K,K
VE,Merida,VE-L,L
VE,Miranda,VE-M,M
VE,Monagas,VE-N,N
VE,Nueva Esparta,VE-O,O
VE,Portuguesa,VE-P,P
VE,Sucre,VE-R,R
VE,Tachira,VE-S,S
VE,Trujillo,VE-T,T
VE,Yaracuy,VE-U,U
VE,Zulia,VE-V,V
VG,"Virgin Islands, British",-,
VI,"Virgin Islands, U.S.",-,
VN,An Giang,VN-44,44
VN,Ba Ria - Vung Tau,VN-43,43
VN,Bac Giang,VN-54,54
VN,Bac Kan,VN-53,53
VN,Bac Lieu,VN-55,55
VN,Bac Ninh,VN-56,56
VN,Ben Tre,VN-50,50
VN,Binh Dinh,VN-31,31
VN,Binh Duong,VN-57,57
VN,Binh Phuoc,VN-58,58
VN,Binh Thuan,VN-40,40
VN,Ca Mau,VN-59,59
VN,Can Tho,VN-CT,CT
VN,Cao Bang,VN-04,04
VN,Da Nang,VN-DN,DN
VN,Dak Lak,VN-33,33
VN,Dak Nong,VN-72,72
VN,Dien Bien,VN-71,71
VN,Dong Nai,VN-39,39
VN,Dong Thap,VN-45,45
VN,Gia Lai,VN-30,30
VN,Ha Giang,VN-03,03
VN,Ha Nam,VN-63,63
VN,Ha Noi,VN-HN,HN
VN,Ha Tinh,VN-23,23
VN,Hai Duong,VN-61,61
VN,Hai Phong,VN-HP,HP
VN,Hau Giang,VN-73,73
VN,Ho Chi Minh,VN-SG,SG
VN,Hoa Binh,VN-14,14
VN,Hung Yen,VN-66,66
VN,Khanh Hoa,VN-34,34
VN,Kien Giang,VN-47,47
VN,Kon Tum,VN-28,28
VN,Lai Chau,VN-01,01
VN,Lam Dong,VN-35,35
VN,Lang Son,VN-09,09
VN,Lao Cai,VN-02,02
VN,Long An,VN-41,41
VN,Nam Dinh,VN-67,67
VN,Nghe An,VN-22,22
VN,Ninh Binh,VN-18,18
VN,Ninh Thuan,VN-36,36
VN,Phu Tho,VN-68,68
VN,Phu Yen,VN-32,32
VN,Quang Binh,VN-24,24
VN,Quang Nam,VN-27,27
VN,Quang Ngai,VN-29,29
VN,Quang Ninh,VN-13,13
VN,Quang Tri,VN-25,25
VN,Soc Trang,VN-52,52
VN,Son La,VN-05,05
VN,Tay Ninh,VN-37,37
VN,Thai Binh,VN-20,20
VN,Thai Nguyen,VN-69,69
VN,Thanh Hoa,VN-21,21
VN,Thua Thien-Hue,VN-26,26
VN,Tien Giang,VN-46,46
VN,Tra Vinh,VN-51,51
VN,Tuyen Quang,VN-07,07
VN,Vinh Long,VN-49,49
VN,Vinh Phuc,VN-70,70
VN,Yen Bai,VN-06,06
VU,Sanma,VU-SAM,SAM
VU,Shefa,VU-SEE,SEE
VU,Tafea,VU-TAE,TAE
WF,Uvea,WF-UV,UV
WS,A'ana,WS-AA,AA
WS,Atua,WS-AT,AT
WS,Fa'asaleleaga,WS-FA,FA
WS,Gagaifomauga,WS-GI,GI
WS,Tuamasaga,WS-TU,TU
WS,Vaisigano,WS-VS,VS
YE,'Adan,YE-AD,AD
YE,'Amran,YE-AM,AM
YE,Ad Dali',YE-DA,DA
YE,Al Bayda',YE-BA,BA
YE,Al Hudaydah,YE-HU,HU
YE,Al Mahwit,YE-MW,MW
YE,Amanat al 'Asimah,YE-SA,SA
YE,Dhamar,YE-DH,DH
YE,Hadramawt,YE-HD,HD
YE,Hajjah,YE-HJ,HJ
YE,Ibb,YE-IB,IB
YE,Lahij,YE-LA,LA
YE,Ma'rib,YE-MA,MA
YE,Raymah,YE-RA,RA
YE,Sa'dah,YE-SD,SD
YE,San'a',YE-SN,SN
YE,Shabwah,YE-SH,SH
YE,Ta'izz,YE-TA,TA
YT,Bandraboua,-,
YT,Bandrele,-,
YT,Chiconi,-,
YT,Chirongui,-,
YT,Kani-Keli,-,
YT,Koungou,-,
YT,Mamoudzou,-,
YT,Ouangani,-,
YT,Pamandzi,-,
YT,Sada,-,
YT,Tsingoni,-,
ZA,Eastern Cape,ZA-EC,EC
ZA,Free State,ZA-FS,FS
ZA,Gauteng,ZA-GP,GP
ZA,Kwazulu-Natal,ZA-KZN,KZN
ZA,Limpopo,ZA-LP,LP
ZA,Mpumalanga,ZA-MP,MP
ZA,North-West,ZA-NW,NW
ZA,Northern Cape,ZA-NC,NC
ZA,Western Cape,ZA-WC,WC
ZM,Central,ZM-02,02
ZM,Copperbelt,ZM-08,08
ZM,Eastern,ZM-03,03
ZM,Luapula,ZM-04,04
ZM,Lusaka,ZM-09,09
ZM,Muchinga,ZM-10,10
ZM,North-Western,ZM-06,06
ZM,Northern,ZM-05,05
ZM,Southern,ZM-07,07
ZM,Western,ZM-01,01
ZW,Bulawayo,ZW-BU,BU
ZW,Harare,ZW-HA,HA
ZW,Manicaland,ZW-MA,MA
ZW,Mashonaland Central,ZW-MC,MC
ZW,Mashonaland East,ZW-ME,ME
ZW,Mashonaland West,ZW-MW,MW
ZW,Masvingo,ZW-MV,MV
ZW,Matabeleland North,ZW-MN,MN
ZW,Matabeleland South,ZW-MS,MS
ZW,Midlands,ZW-MI,MI